Workbook

Sheet results
A1: cell_id | B1: timestamp | C1: ecosystem | D1: A - private registry configuration | E1: B1 - package manager configuration | F1: B2 - version specifier | G1: C - pipeline operation type | H1: classification | I1: pk1_name | J1: pk1_version | K1: pk1_url | L1: pk2_name | M1: pk2_version | N1: pk2_url | O1: artifact_path | P1: git_commit | Q1: github_run_id | R1: key | S1: code | T1: C1a ≡ C1c | U1: npm B1b ≡ B1d | V1: npm B1c ≡ B1b | W1: A1a ≡ A1b
A2: npm_A1a_B1a_B2a_C1a | B2: 46272.538 | C2: nodejs | D2: A1a | E2: B1a | F2: B2a | G2: C1a | H2: private_resolved | I2: xueting-thesis-event-jianding | J2: 100 | K2: http://host.docker.internal:8081/repository/npm-group-public-first/xueting-thesis-event-jianding/-/xueting-thesis-event-jianding-1.0.0.tgz | L2: xueting-thesis-service-fasong | M2: 100 | N2: http://host.docker.internal:8081/repository/npm-group-public-first/xueting-thesis-service-fasong/-/xueting-thesis-service-fasong-1.0.0.tgz | O2: automation_process/central_automated_pipeline/artifact_download/npm_A1a_B1a_B2a_C1a | P2: 392d628e1a62a0ac3b0154c32f38e530fc871c0a | Q2: 34113888907 | R2: =C2&"|"&D2&"|"&E2&"|"&F2&"|"&G2 -> nodejs|A1a|B1a|B2a|C1a | S2: =IF(H2="malicious_resolved","M",IF(H2="private_resolved","P",IF(H2="resolution_error","E","-"))) -> P | T2: =IF(G2="C1a",IF(H2=VLOOKUP(SUBSTITUTE(A2,"_C1a","_C1c"),$A:$H,8,FALSE),"same","DIFF"),"") -> same | U2: =IF(AND(C2="nodejs",E2="B1b"),IF(H2=VLOOKUP(SUBSTITUTE(A2,"_B1b_","_B1d_"),$A:$H,8,FALSE),"same","DIFF"),"") | V2: =IF(AND(C2="nodejs",E2="B1c",H2<>"invalid_configuration"),IF(H2=VLOOKUP(SUBSTITUTE(A2,"_B1c_","_B1b_"),$A:$H,8,FALSE),"same","DIFF"),"") | W2: =IF(D2="A1a",IF(H2=VLOOKUP(SUBSTITUTE(A2,"_A1a_","_A1b_"),$A:$H,8,FALSE),"same","DIFF"),"") -> same
A3: npm_A1a_B1a_B2a_C1c | B3: 46272.539 | C3: nodejs | D3: A1a | E3: B1a | F3: B2a | G3: C1c | H3: private_resolved | I3: xueting-thesis-event-jianding | J3: 100 | K3: http://host.docker.internal:8081/repository/npm-group-public-first/xueting-thesis-event-jianding/-/xueting-thesis-event-jianding-1.0.0.tgz | L3: xueting-thesis-service-fasong | M3: 100 | N3: http://host.docker.internal:8081/repository/npm-group-public-first/xueting-thesis-service-fasong/-/xueting-thesis-service-fasong-1.0.0.tgz | O3: automation_process/central_automated_pipeline/artifact_download/npm_A1a_B1a_B2a_C1c | P3: 392d628e1a62a0ac3b0154c32f38e530fc871c0a | Q3: 34114003220 | R3: =C3&"|"&D3&"|"&E3&"|"&F3&"|"&G3 -> nodejs|A1a|B1a|B2a|C1c | S3: =IF(H3="malicious_resolved","M",IF(H3="private_resolved","P",IF(H3="resolution_error","E","-"))) -> P | T3: =IF(G3="C1a",IF(H3=VLOOKUP(SUBSTITUTE(A3,"_C1a","_C1c"),$A:$H,8,FALSE),"same","DIFF"),"") | U3: =IF(AND(C3="nodejs",E3="B1b"),IF(H3=VLOOKUP(SUBSTITUTE(A3,"_B1b_","_B1d_"),$A:$H,8,FALSE),"same","DIFF"),"") | V3: =IF(AND(C3="nodejs",E3="B1c",H3<>"invalid_configuration"),IF(H3=VLOOKUP(SUBSTITUTE(A3,"_B1c_","_B1b_"),$A:$H,8,FALSE),"same","DIFF"),"") | W3: =IF(D3="A1a",IF(H3=VLOOKUP(SUBSTITUTE(A3,"_A1a_","_A1b_"),$A:$H,8,FALSE),"same","DIFF"),"") -> same
A4: npm_A1a_B1a_B2b_C1a | B4: 46272.54 | C4: nodejs | D4: A1a | E4: B1a | F4: B2b | G4: C1a | H4: malicious_resolved | I4: xueting-thesis-event-jianding | J4: 103 | K4: http://host.docker.internal:8081/repository/npm-group-public-first/xueting-thesis-event-jianding/-/xueting-thesis-event-jianding-1.0.3.tgz | L4: xueting-thesis-service-fasong | M4: 103 | N4: http://host.docker.internal:8081/repository/npm-group-public-first/xueting-thesis-service-fasong/-/xueting-thesis-service-fasong-1.0.3.tgz | O4: automation_process/central_automated_pipeline/artifact_download/npm_A1a_B1a_B2b_C1a | P4: 392d628e1a62a0ac3b0154c32f38e530fc871c0a | Q4: 34114057763 | R4: =C4&"|"&D4&"|"&E4&"|"&F4&"|"&G4 -> nodejs|A1a|B1a|B2b|C1a | S4: =IF(H4="malicious_resolved","M",IF(H4="private_resolved","P",IF(H4="resolution_error","E","-"))) -> M | T4: =IF(G4="C1a",IF(H4=VLOOKUP(SUBSTITUTE(A4,"_C1a","_C1c"),$A:$H,8,FALSE),"same","DIFF"),"") -> same | U4: =IF(AND(C4="nodejs",E4="B1b"),IF(H4=VLOOKUP(SUBSTITUTE(A4,"_B1b_","_B1d_"),$A:$H,8,FALSE),"same","DIFF"),"") | V4: =IF(AND(C4="nodejs",E4="B1c",H4<>"invalid_configuration"),IF(H4=VLOOKUP(SUBSTITUTE(A4,"_B1c_","_B1b_"),$A:$H,8,FALSE),"same","DIFF"),"") | W4: =IF(D4="A1a",IF(H4=VLOOKUP(SUBSTITUTE(A4,"_A1a_","_A1b_"),$A:$H,8,FALSE),"same","DIFF"),"") -> same
A5: npm_A1a_B1a_B2b_C1c | B5: 46272.541 | C5: nodejs | D5: A1a | E5: B1a | F5: B2b | G5: C1c | H5: malicious_resolved | I5: xueting-thesis-event-jianding | J5: 103 | K5: http://host.docker.internal:8081/repository/npm-group-public-first/xueting-thesis-event-jianding/-/xueting-thesis-event-jianding-1.0.3.tgz | L5: xueting-thesis-service-fasong | M5: 103 | N5: http://host.docker.internal:8081/repository/npm-group-public-first/xueting-thesis-service-fasong/-/xueting-thesis-service-fasong-1.0.3.tgz | O5: automation_process/central_automated_pipeline/artifact_download/npm_A1a_B1a_B2b_C1c | P5: 392d628e1a62a0ac3b0154c32f38e530fc871c0a | Q5: 34114159819 | R5: =C5&"|"&D5&"|"&E5&"|"&F5&"|"&G5 -> nodejs|A1a|B1a|B2b|C1c | S5: =IF(H5="malicious_resolved","M",IF(H5="private_resolved","P",IF(H5="resolution_error","E","-"))) -> M | T5: =IF(G5="C1a",IF(H5=VLOOKUP(SUBSTITUTE(A5,"_C1a","_C1c"),$A:$H,8,FALSE),"same","DIFF"),"") | U5: =IF(AND(C5="nodejs",E5="B1b"),IF(H5=VLOOKUP(SUBSTITUTE(A5,"_B1b_","_B1d_"),$A:$H,8,FALSE),"same","DIFF"),"") | V5: =IF(AND(C5="nodejs",E5="B1c",H5<>"invalid_configuration"),IF(H5=VLOOKUP(SUBSTITUTE(A5,"_B1c_","_B1b_"),$A:$H,8,FALSE),"same","DIFF"),"") | W5: =IF(D5="A1a",IF(H5=VLOOKUP(SUBSTITUTE(A5,"_A1a_","_A1b_"),$A:$H,8,FALSE),"same","DIFF"),"") -> same | Y5: =COUNTIF(W2:W433,"same") -> 108
A6: npm_A1a_B1a_B2c_C1a | B6: 46272.541 | C6: nodejs | D6: A1a | E6: B1a | F6: B2c | G6: C1a | H6: malicious_resolved | I6: xueting-thesis-event-jianding | J6: 103 | K6: http://host.docker.internal:8081/repository/npm-group-public-first/xueting-thesis-event-jianding/-/xueting-thesis-event-jianding-1.0.3.tgz | L6: xueting-thesis-service-fasong | M6: 103 | N6: http://host.docker.internal:8081/repository/npm-group-public-first/xueting-thesis-service-fasong/-/xueting-thesis-service-fasong-1.0.3.tgz | O6: automation_process/central_automated_pipeline/artifact_download/npm_A1a_B1a_B2c_C1a | P6: 392d628e1a62a0ac3b0154c32f38e530fc871c0a | Q6: 34114208812 | R6: =C6&"|"&D6&"|"&E6&"|"&F6&"|"&G6 -> nodejs|A1a|B1a|B2c|C1a | S6: =IF(H6="malicious_resolved","M",IF(H6="private_resolved","P",IF(H6="resolution_error","E","-"))) -> M | T6: =IF(G6="C1a",IF(H6=VLOOKUP(SUBSTITUTE(A6,"_C1a","_C1c"),$A:$H,8,FALSE),"same","DIFF"),"") -> same | U6: =IF(AND(C6="nodejs",E6="B1b"),IF(H6=VLOOKUP(SUBSTITUTE(A6,"_B1b_","_B1d_"),$A:$H,8,FALSE),"same","DIFF"),"") | V6: =IF(AND(C6="nodejs",E6="B1c",H6<>"invalid_configuration"),IF(H6=VLOOKUP(SUBSTITUTE(A6,"_B1c_","_B1b_"),$A:$H,8,FALSE),"same","DIFF"),"") | W6: =IF(D6="A1a",IF(H6=VLOOKUP(SUBSTITUTE(A6,"_A1a_","_A1b_"),$A:$H,8,FALSE),"same","DIFF"),"") -> same | Y6: =COUNTIF(W2:W433,"DIFF") -> 0
A7: npm_A1a_B1a_B2c_C1c | B7: 46272.542 | C7: nodejs | D7: A1a | E7: B1a | F7: B2c | G7: C1c | H7: malicious_resolved | I7: xueting-thesis-event-jianding | J7: 103 | K7: http://host.docker.internal:8081/repository/npm-group-public-first/xueting-thesis-event-jianding/-/xueting-thesis-event-jianding-1.0.3.tgz | L7: xueting-thesis-service-fasong | M7: 103 | N7: http://host.docker.internal:8081/repository/npm-group-public-first/xueting-thesis-service-fasong/-/xueting-thesis-service-fasong-1.0.3.tgz | O7: automation_process/central_automated_pipeline/artifact_download/npm_A1a_B1a_B2c_C1c | P7: 392d628e1a62a0ac3b0154c32f38e530fc871c0a | Q7: 34114305648 | R7: =C7&"|"&D7&"|"&E7&"|"&F7&"|"&G7 -> nodejs|A1a|B1a|B2c|C1c | S7: =IF(H7="malicious_resolved","M",IF(H7="private_resolved","P",IF(H7="resolution_error","E","-"))) -> M | T7: =IF(G7="C1a",IF(H7=VLOOKUP(SUBSTITUTE(A7,"_C1a","_C1c"),$A:$H,8,FALSE),"same","DIFF"),"") | U7: =IF(AND(C7="nodejs",E7="B1b"),IF(H7=VLOOKUP(SUBSTITUTE(A7,"_B1b_","_B1d_"),$A:$H,8,FALSE),"same","DIFF"),"") | V7: =IF(AND(C7="nodejs",E7="B1c",H7<>"invalid_configuration"),IF(H7=VLOOKUP(SUBSTITUTE(A7,"_B1c_","_B1b_"),$A:$H,8,FALSE),"same","DIFF"),"") | W7: =IF(D7="A1a",IF(H7=VLOOKUP(SUBSTITUTE(A7,"_A1a_","_A1b_"),$A:$H,8,FALSE),"same","DIFF"),"") -> same
A8: npm_A1a_B1b_B2a_C1a | B8: 46272.542 | C8: nodejs | D8: A1a | E8: B1b | F8: B2a | G8: C1a | H8: resolution_error | O8: automation_process/central_automated_pipeline/artifact_download/npm_A1a_B1b_B2a_C1a | P8: 392d628e1a62a0ac3b0154c32f38e530fc871c0a | Q8: 34114369482 | R8: =C8&"|"&D8&"|"&E8&"|"&F8&"|"&G8 -> nodejs|A1a|B1b|B2a|C1a | S8: =IF(H8="malicious_resolved","M",IF(H8="private_resolved","P",IF(H8="resolution_error","E","-"))) -> E | T8: =IF(G8="C1a",IF(H8=VLOOKUP(SUBSTITUTE(A8,"_C1a","_C1c"),$A:$H,8,FALSE),"same","DIFF"),"") -> same | U8: =IF(AND(C8="nodejs",E8="B1b"),IF(H8=VLOOKUP(SUBSTITUTE(A8,"_B1b_","_B1d_"),$A:$H,8,FALSE),"same","DIFF"),"") -> same | V8: =IF(AND(C8="nodejs",E8="B1c",H8<>"invalid_configuration"),IF(H8=VLOOKUP(SUBSTITUTE(A8,"_B1c_","_B1b_"),$A:$H,8,FALSE),"same","DIFF"),"") | W8: =IF(D8="A1a",IF(H8=VLOOKUP(SUBSTITUTE(A8,"_A1a_","_A1b_"),$A:$H,8,FALSE),"same","DIFF"),"") -> same
A9: npm_A1a_B1b_B2a_C1c | B9: 46272.543 | C9: nodejs | D9: A1a | E9: B1b | F9: B2a | G9: C1c | H9: resolution_error | O9: automation_process/central_automated_pipeline/artifact_download/npm_A1a_B1b_B2a_C1c | P9: 392d628e1a62a0ac3b0154c32f38e530fc871c0a | Q9: 34114483207 | R9: =C9&"|"&D9&"|"&E9&"|"&F9&"|"&G9 -> nodejs|A1a|B1b|B2a|C1c | S9: =IF(H9="malicious_resolved","M",IF(H9="private_resolved","P",IF(H9="resolution_error","E","-"))) -> E | T9: =IF(G9="C1a",IF(H9=VLOOKUP(SUBSTITUTE(A9,"_C1a","_C1c"),$A:$H,8,FALSE),"same","DIFF"),"") | U9: =IF(AND(C9="nodejs",E9="B1b"),IF(H9=VLOOKUP(SUBSTITUTE(A9,"_B1b_","_B1d_"),$A:$H,8,FALSE),"same","DIFF"),"") -> same | V9: =IF(AND(C9="nodejs",E9="B1c",H9<>"invalid_configuration"),IF(H9=VLOOKUP(SUBSTITUTE(A9,"_B1c_","_B1b_"),$A:$H,8,FALSE),"same","DIFF"),"") | W9: =IF(D9="A1a",IF(H9=VLOOKUP(SUBSTITUTE(A9,"_A1a_","_A1b_"),$A:$H,8,FALSE),"same","DIFF"),"") -> same
A10: npm_A1a_B1b_B2b_C1a | B10: 46272.544 | C10: nodejs | D10: A1a | E10: B1b | F10: B2b | G10: C1a | H10: malicious_resolved | I10: xueting-thesis-event-jianding | J10: 103 | K10: https://registry.npmjs.org/xueting-thesis-event-jianding/-/xueting-thesis-event-jianding-1.0.3.tgz | L10: xueting-thesis-service-fasong | M10: 103 | N10: https://registry.npmjs.org/xueting-thesis-service-fasong/-/xueting-thesis-service-fasong-1.0.3.tgz | O10: automation_process/central_automated_pipeline/artifact_download/npm_A1a_B1b_B2b_C1a | P10: 392d628e1a62a0ac3b0154c32f38e530fc871c0a | Q10: 34114535707 | R10: =C10&"|"&D10&"|"&E10&"|"&F10&"|"&G10 -> nodejs|A1a|B1b|B2b|C1a | S10: =IF(H10="malicious_resolved","M",IF(H10="private_resolved","P",IF(H10="resolution_error","E","-"))) -> M | T10: =IF(G10="C1a",IF(H10=VLOOKUP(SUBSTITUTE(A10,"_C1a","_C1c"),$A:$H,8,FALSE),"same","DIFF"),"") -> same | U10: =IF(AND(C10="nodejs",E10="B1b"),IF(H10=VLOOKUP(SUBSTITUTE(A10,"_B1b_","_B1d_"),$A:$H,8,FALSE),"same","DIFF"),"") -> same | V10: =IF(AND(C10="nodejs",E10="B1c",H10<>"invalid_configuration"),IF(H10=VLOOKUP(SUBSTITUTE(A10,"_B1c_","_B1b_"),$A:$H,8,FALSE),"same","DIFF"),"") | W10: =IF(D10="A1a",IF(H10=VLOOKUP(SUBSTITUTE(A10,"_A1a_","_A1b_"),$A:$H,8,FALSE),"same","DIFF"),"") -> same
A11: npm_A1a_B1b_B2b_C1c | B11: 46272.544 | C11: nodejs | D11: A1a | E11: B1b | F11: B2b | G11: C1c | H11: malicious_resolved | I11: xueting-thesis-event-jianding | J11: 103 | K11: https://registry.npmjs.org/xueting-thesis-event-jianding/-/xueting-thesis-event-jianding-1.0.3.tgz | L11: xueting-thesis-service-fasong | M11: 103 | N11: https://registry.npmjs.org/xueting-thesis-service-fasong/-/xueting-thesis-service-fasong-1.0.3.tgz | O11: automation_process/central_automated_pipeline/artifact_download/npm_A1a_B1b_B2b_C1c | P11: 392d628e1a62a0ac3b0154c32f38e530fc871c0a | Q11: 34114637322 | R11: =C11&"|"&D11&"|"&E11&"|"&F11&"|"&G11 -> nodejs|A1a|B1b|B2b|C1c | S11: =IF(H11="malicious_resolved","M",IF(H11="private_resolved","P",IF(H11="resolution_error","E","-"))) -> M | T11: =IF(G11="C1a",IF(H11=VLOOKUP(SUBSTITUTE(A11,"_C1a","_C1c"),$A:$H,8,FALSE),"same","DIFF"),"") | U11: =IF(AND(C11="nodejs",E11="B1b"),IF(H11=VLOOKUP(SUBSTITUTE(A11,"_B1b_","_B1d_"),$A:$H,8,FALSE),"same","DIFF"),"") -> same | V11: =IF(AND(C11="nodejs",E11="B1c",H11<>"invalid_configuration"),IF(H11=VLOOKUP(SUBSTITUTE(A11,"_B1c_","_B1b_"),$A:$H,8,FALSE),"same","DIFF"),"") | W11: =IF(D11="A1a",IF(H11=VLOOKUP(SUBSTITUTE(A11,"_A1a_","_A1b_"),$A:$H,8,FALSE),"same","DIFF"),"") -> same
A12: npm_A1a_B1b_B2c_C1a | B12: 46272.545 | C12: nodejs | D12: A1a | E12: B1b | F12: B2c | G12: C1a | H12: malicious_resolved | I12: xueting-thesis-event-jianding | J12: 103 | K12: https://registry.npmjs.org/xueting-thesis-event-jianding/-/xueting-thesis-event-jianding-1.0.3.tgz | L12: xueting-thesis-service-fasong | M12: 103 | N12: https://registry.npmjs.org/xueting-thesis-service-fasong/-/xueting-thesis-service-fasong-1.0.3.tgz | O12: automation_process/central_automated_pipeline/artifact_download/npm_A1a_B1b_B2c_C1a | P12: 392d628e1a62a0ac3b0154c32f38e530fc871c0a | Q12: 34114690711 | R12: =C12&"|"&D12&"|"&E12&"|"&F12&"|"&G12 -> nodejs|A1a|B1b|B2c|C1a | S12: =IF(H12="malicious_resolved","M",IF(H12="private_resolved","P",IF(H12="resolution_error","E","-"))) -> M | T12: =IF(G12="C1a",IF(H12=VLOOKUP(SUBSTITUTE(A12,"_C1a","_C1c"),$A:$H,8,FALSE),"same","DIFF"),"") -> same | U12: =IF(AND(C12="nodejs",E12="B1b"),IF(H12=VLOOKUP(SUBSTITUTE(A12,"_B1b_","_B1d_"),$A:$H,8,FALSE),"same","DIFF"),"") -> same | V12: =IF(AND(C12="nodejs",E12="B1c",H12<>"invalid_configuration"),IF(H12=VLOOKUP(SUBSTITUTE(A12,"_B1c_","_B1b_"),$A:$H,8,FALSE),"same","DIFF"),"") | W12: =IF(D12="A1a",IF(H12=VLOOKUP(SUBSTITUTE(A12,"_A1a_","_A1b_"),$A:$H,8,FALSE),"same","DIFF"),"") -> same
A13: npm_A1a_B1b_B2c_C1c | B13: 46272.546 | C13: nodejs | D13: A1a | E13: B1b | F13: B2c | G13: C1c | H13: malicious_resolved | I13: xueting-thesis-event-jianding | J13: 103 | K13: https://registry.npmjs.org/xueting-thesis-event-jianding/-/xueting-thesis-event-jianding-1.0.3.tgz | L13: xueting-thesis-service-fasong | M13: 103 | N13: https://registry.npmjs.org/xueting-thesis-service-fasong/-/xueting-thesis-service-fasong-1.0.3.tgz | O13: automation_process/central_automated_pipeline/artifact_download/npm_A1a_B1b_B2c_C1c | P13: 392d628e1a62a0ac3b0154c32f38e530fc871c0a | Q13: 34114787510 | R13: =C13&"|"&D13&"|"&E13&"|"&F13&"|"&G13 -> nodejs|A1a|B1b|B2c|C1c | S13: =IF(H13="malicious_resolved","M",IF(H13="private_resolved","P",IF(H13="resolution_error","E","-"))) -> M | T13: =IF(G13="C1a",IF(H13=VLOOKUP(SUBSTITUTE(A13,"_C1a","_C1c"),$A:$H,8,FALSE),"same","DIFF"),"") | U13: =IF(AND(C13="nodejs",E13="B1b"),IF(H13=VLOOKUP(SUBSTITUTE(A13,"_B1b_","_B1d_"),$A:$H,8,FALSE),"same","DIFF"),"") -> same | V13: =IF(AND(C13="nodejs",E13="B1c",H13<>"invalid_configuration"),IF(H13=VLOOKUP(SUBSTITUTE(A13,"_B1c_","_B1b_"),$A:$H,8,FALSE),"same","DIFF"),"") | W13: =IF(D13="A1a",IF(H13=VLOOKUP(SUBSTITUTE(A13,"_A1a_","_A1b_"),$A:$H,8,FALSE),"same","DIFF"),"") -> same
A14: npm_A1a_B1c_B2a_C1a | B14: 46272.546 | C14: nodejs | D14: A1a | E14: B1c | F14: B2a | G14: C1a | H14: resolution_error | O14: automation_process/central_automated_pipeline/artifact_download/npm_A1a_B1c_B2a_C1a | P14: 392d628e1a62a0ac3b0154c32f38e530fc871c0a | Q14: 34114844504 | R14: =C14&"|"&D14&"|"&E14&"|"&F14&"|"&G14 -> nodejs|A1a|B1c|B2a|C1a | S14: =IF(H14="malicious_resolved","M",IF(H14="private_resolved","P",IF(H14="resolution_error","E","-"))) -> E | T14: =IF(G14="C1a",IF(H14=VLOOKUP(SUBSTITUTE(A14,"_C1a","_C1c"),$A:$H,8,FALSE),"same","DIFF"),"") -> same | U14: =IF(AND(C14="nodejs",E14="B1b"),IF(H14=VLOOKUP(SUBSTITUTE(A14,"_B1b_","_B1d_"),$A:$H,8,FALSE),"same","DIFF"),"") | V14: =IF(AND(C14="nodejs",E14="B1c",H14<>"invalid_configuration"),IF(H14=VLOOKUP(SUBSTITUTE(A14,"_B1c_","_B1b_"),$A:$H,8,FALSE),"same","DIFF"),"") -> same | W14: =IF(D14="A1a",IF(H14=VLOOKUP(SUBSTITUTE(A14,"_A1a_","_A1b_"),$A:$H,8,FALSE),"same","DIFF"),"") -> same
A15: npm_A1a_B1c_B2a_C1c | B15: 46272.547 | C15: nodejs | D15: A1a | E15: B1c | F15: B2a | G15: C1c | H15: resolution_error | O15: automation_process/central_automated_pipeline/artifact_download/npm_A1a_B1c_B2a_C1c | P15: 392d628e1a62a0ac3b0154c32f38e530fc871c0a | Q15: 34114952360 | R15: =C15&"|"&D15&"|"&E15&"|"&F15&"|"&G15 -> nodejs|A1a|B1c|B2a|C1c | S15: =IF(H15="malicious_resolved","M",IF(H15="private_resolved","P",IF(H15="resolution_error","E","-"))) -> E | T15: =IF(G15="C1a",IF(H15=VLOOKUP(SUBSTITUTE(A15,"_C1a","_C1c"),$A:$H,8,FALSE),"same","DIFF"),"") | U15: =IF(AND(C15="nodejs",E15="B1b"),IF(H15=VLOOKUP(SUBSTITUTE(A15,"_B1b_","_B1d_"),$A:$H,8,FALSE),"same","DIFF"),"") | V15: =IF(AND(C15="nodejs",E15="B1c",H15<>"invalid_configuration"),IF(H15=VLOOKUP(SUBSTITUTE(A15,"_B1c_","_B1b_"),$A:$H,8,FALSE),"same","DIFF"),"") -> same | W15: =IF(D15="A1a",IF(H15=VLOOKUP(SUBSTITUTE(A15,"_A1a_","_A1b_"),$A:$H,8,FALSE),"same","DIFF"),"") -> same
A16: npm_A1a_B1c_B2b_C1a | B16: 46272.547 | C16: nodejs | D16: A1a | E16: B1c | F16: B2b | G16: C1a | H16: malicious_resolved | I16: xueting-thesis-event-jianding | J16: 103 | K16: http://host.docker.internal:8081/repository/npm-public-proxy/xueting-thesis-event-jianding/-/xueting-thesis-event-jianding-1.0.3.tgz | L16: xueting-thesis-service-fasong | M16: 103 | N16: http://host.docker.internal:8081/repository/npm-public-proxy/xueting-thesis-service-fasong/-/xueting-thesis-service-fasong-1.0.3.tgz | O16: automation_process/central_automated_pipeline/artifact_download/npm_A1a_B1c_B2b_C1a | P16: 392d628e1a62a0ac3b0154c32f38e530fc871c0a | Q16: 34115004820 | R16: =C16&"|"&D16&"|"&E16&"|"&F16&"|"&G16 -> nodejs|A1a|B1c|B2b|C1a | S16: =IF(H16="malicious_resolved","M",IF(H16="private_resolved","P",IF(H16="resolution_error","E","-"))) -> M | T16: =IF(G16="C1a",IF(H16=VLOOKUP(SUBSTITUTE(A16,"_C1a","_C1c"),$A:$H,8,FALSE),"same","DIFF"),"") -> same | U16: =IF(AND(C16="nodejs",E16="B1b"),IF(H16=VLOOKUP(SUBSTITUTE(A16,"_B1b_","_B1d_"),$A:$H,8,FALSE),"same","DIFF"),"") | V16: =IF(AND(C16="nodejs",E16="B1c",H16<>"invalid_configuration"),IF(H16=VLOOKUP(SUBSTITUTE(A16,"_B1c_","_B1b_"),$A:$H,8,FALSE),"same","DIFF"),"") -> same | W16: =IF(D16="A1a",IF(H16=VLOOKUP(SUBSTITUTE(A16,"_A1a_","_A1b_"),$A:$H,8,FALSE),"same","DIFF"),"") -> same
A17: npm_A1a_B1c_B2b_C1c | B17: 46272.548 | C17: nodejs | D17: A1a | E17: B1c | F17: B2b | G17: C1c | H17: malicious_resolved | I17: xueting-thesis-event-jianding | J17: 103 | K17: http://host.docker.internal:8081/repository/npm-public-proxy/xueting-thesis-event-jianding/-/xueting-thesis-event-jianding-1.0.3.tgz | L17: xueting-thesis-service-fasong | M17: 103 | N17: http://host.docker.internal:8081/repository/npm-public-proxy/xueting-thesis-service-fasong/-/xueting-thesis-service-fasong-1.0.3.tgz | O17: automation_process/central_automated_pipeline/artifact_download/npm_A1a_B1c_B2b_C1c | P17: 392d628e1a62a0ac3b0154c32f38e530fc871c0a | Q17: 34115104720 | R17: =C17&"|"&D17&"|"&E17&"|"&F17&"|"&G17 -> nodejs|A1a|B1c|B2b|C1c | S17: =IF(H17="malicious_resolved","M",IF(H17="private_resolved","P",IF(H17="resolution_error","E","-"))) -> M | T17: =IF(G17="C1a",IF(H17=VLOOKUP(SUBSTITUTE(A17,"_C1a","_C1c"),$A:$H,8,FALSE),"same","DIFF"),"") | U17: =IF(AND(C17="nodejs",E17="B1b"),IF(H17=VLOOKUP(SUBSTITUTE(A17,"_B1b_","_B1d_"),$A:$H,8,FALSE),"same","DIFF"),"") | V17: =IF(AND(C17="nodejs",E17="B1c",H17<>"invalid_configuration"),IF(H17=VLOOKUP(SUBSTITUTE(A17,"_B1c_","_B1b_"),$A:$H,8,FALSE),"same","DIFF"),"") -> same | W17: =IF(D17="A1a",IF(H17=VLOOKUP(SUBSTITUTE(A17,"_A1a_","_A1b_"),$A:$H,8,FALSE),"same","DIFF"),"") -> same
A18: npm_A1a_B1c_B2c_C1a | B18: 46272.549 | C18: nodejs | D18: A1a | E18: B1c | F18: B2c | G18: C1a | H18: malicious_resolved | I18: xueting-thesis-event-jianding | J18: 103 | K18: http://host.docker.internal:8081/repository/npm-public-proxy/xueting-thesis-event-jianding/-/xueting-thesis-event-jianding-1.0.3.tgz | L18: xueting-thesis-service-fasong | M18: 103 | N18: http://host.docker.internal:8081/repository/npm-public-proxy/xueting-thesis-service-fasong/-/xueting-thesis-service-fasong-1.0.3.tgz | O18: automation_process/central_automated_pipeline/artifact_download/npm_A1a_B1c_B2c_C1a | P18: 392d628e1a62a0ac3b0154c32f38e530fc871c0a | Q18: 34115162489 | R18: =C18&"|"&D18&"|"&E18&"|"&F18&"|"&G18 -> nodejs|A1a|B1c|B2c|C1a | S18: =IF(H18="malicious_resolved","M",IF(H18="private_resolved","P",IF(H18="resolution_error","E","-"))) -> M | T18: =IF(G18="C1a",IF(H18=VLOOKUP(SUBSTITUTE(A18,"_C1a","_C1c"),$A:$H,8,FALSE),"same","DIFF"),"") -> same | U18: =IF(AND(C18="nodejs",E18="B1b"),IF(H18=VLOOKUP(SUBSTITUTE(A18,"_B1b_","_B1d_"),$A:$H,8,FALSE),"same","DIFF"),"") | V18: =IF(AND(C18="nodejs",E18="B1c",H18<>"invalid_configuration"),IF(H18=VLOOKUP(SUBSTITUTE(A18,"_B1c_","_B1b_"),$A:$H,8,FALSE),"same","DIFF"),"") -> same | W18: =IF(D18="A1a",IF(H18=VLOOKUP(SUBSTITUTE(A18,"_A1a_","_A1b_"),$A:$H,8,FALSE),"same","DIFF"),"") -> same
A19: npm_A1a_B1c_B2c_C1c | B19: 46272.549 | C19: nodejs | D19: A1a | E19: B1c | F19: B2c | G19: C1c | H19: malicious_resolved | I19: xueting-thesis-event-jianding | J19: 103 | K19: http://host.docker.internal:8081/repository/npm-public-proxy/xueting-thesis-event-jianding/-/xueting-thesis-event-jianding-1.0.3.tgz | L19: xueting-thesis-service-fasong | M19: 103 | N19: http://host.docker.internal:8081/repository/npm-public-proxy/xueting-thesis-service-fasong/-/xueting-thesis-service-fasong-1.0.3.tgz | O19: automation_process/central_automated_pipeline/artifact_download/npm_A1a_B1c_B2c_C1c | P19: 392d628e1a62a0ac3b0154c32f38e530fc871c0a | Q19: 34115272384 | R19: =C19&"|"&D19&"|"&E19&"|"&F19&"|"&G19 -> nodejs|A1a|B1c|B2c|C1c | S19: =IF(H19="malicious_resolved","M",IF(H19="private_resolved","P",IF(H19="resolution_error","E","-"))) -> M | T19: =IF(G19="C1a",IF(H19=VLOOKUP(SUBSTITUTE(A19,"_C1a","_C1c"),$A:$H,8,FALSE),"same","DIFF"),"") | U19: =IF(AND(C19="nodejs",E19="B1b"),IF(H19=VLOOKUP(SUBSTITUTE(A19,"_B1b_","_B1d_"),$A:$H,8,FALSE),"same","DIFF"),"") | V19: =IF(AND(C19="nodejs",E19="B1c",H19<>"invalid_configuration"),IF(H19=VLOOKUP(SUBSTITUTE(A19,"_B1c_","_B1b_"),$A:$H,8,FALSE),"same","DIFF"),"") -> same | W19: =IF(D19="A1a",IF(H19=VLOOKUP(SUBSTITUTE(A19,"_A1a_","_A1b_"),$A:$H,8,FALSE),"same","DIFF"),"") -> same
A20: npm_A1a_B1d_B2a_C1a | B20: 46272.55 | C20: nodejs | D20: A1a | E20: B1d | F20: B2a | G20: C1a | H20: resolution_error | O20: automation_process/central_automated_pipeline/artifact_download/npm_A1a_B1d_B2a_C1a | P20: 392d628e1a62a0ac3b0154c32f38e530fc871c0a | Q20: 34115330065 | R20: =C20&"|"&D20&"|"&E20&"|"&F20&"|"&G20 -> nodejs|A1a|B1d|B2a|C1a | S20: =IF(H20="malicious_resolved","M",IF(H20="private_resolved","P",IF(H20="resolution_error","E","-"))) -> E | T20: =IF(G20="C1a",IF(H20=VLOOKUP(SUBSTITUTE(A20,"_C1a","_C1c"),$A:$H,8,FALSE),"same","DIFF"),"") -> same | U20: =IF(AND(C20="nodejs",E20="B1b"),IF(H20=VLOOKUP(SUBSTITUTE(A20,"_B1b_","_B1d_"),$A:$H,8,FALSE),"same","DIFF"),"") | V20: =IF(AND(C20="nodejs",E20="B1c",H20<>"invalid_configuration"),IF(H20=VLOOKUP(SUBSTITUTE(A20,"_B1c_","_B1b_"),$A:$H,8,FALSE),"same","DIFF"),"") | W20: =IF(D20="A1a",IF(H20=VLOOKUP(SUBSTITUTE(A20,"_A1a_","_A1b_"),$A:$H,8,FALSE),"same","DIFF"),"") -> same
A21: npm_A1a_B1d_B2a_C1c | B21: 46272.551 | C21: nodejs | D21: A1a | E21: B1d | F21: B2a | G21: C1c | H21: resolution_error | O21: automation_process/central_automated_pipeline/artifact_download/npm_A1a_B1d_B2a_C1c | P21: 392d628e1a62a0ac3b0154c32f38e530fc871c0a | Q21: 34115441545 | R21: =C21&"|"&D21&"|"&E21&"|"&F21&"|"&G21 -> nodejs|A1a|B1d|B2a|C1c | S21: =IF(H21="malicious_resolved","M",IF(H21="private_resolved","P",IF(H21="resolution_error","E","-"))) -> E | T21: =IF(G21="C1a",IF(H21=VLOOKUP(SUBSTITUTE(A21,"_C1a","_C1c"),$A:$H,8,FALSE),"same","DIFF"),"") | U21: =IF(AND(C21="nodejs",E21="B1b"),IF(H21=VLOOKUP(SUBSTITUTE(A21,"_B1b_","_B1d_"),$A:$H,8,FALSE),"same","DIFF"),"") | V21: =IF(AND(C21="nodejs",E21="B1c",H21<>"invalid_configuration"),IF(H21=VLOOKUP(SUBSTITUTE(A21,"_B1c_","_B1b_"),$A:$H,8,FALSE),"same","DIFF"),"") | W21: =IF(D21="A1a",IF(H21=VLOOKUP(SUBSTITUTE(A21,"_A1a_","_A1b_"),$A:$H,8,FALSE),"same","DIFF"),"") -> same
A22: npm_A1a_B1d_B2b_C1a | B22: 46272.551 | C22: nodejs | D22: A1a | E22: B1d | F22: B2b | G22: C1a | H22: malicious_resolved | I22: xueting-thesis-event-jianding | J22: 103 | K22: https://registry.npmjs.org/xueting-thesis-event-jianding/-/xueting-thesis-event-jianding-1.0.3.tgz | L22: xueting-thesis-service-fasong | M22: 103 | N22: https://registry.npmjs.org/xueting-thesis-service-fasong/-/xueting-thesis-service-fasong-1.0.3.tgz | O22: automation_process/central_automated_pipeline/artifact_download/npm_A1a_B1d_B2b_C1a | P22: 392d628e1a62a0ac3b0154c32f38e530fc871c0a | Q22: 34115499907 | R22: =C22&"|"&D22&"|"&E22&"|"&F22&"|"&G22 -> nodejs|A1a|B1d|B2b|C1a | S22: =IF(H22="malicious_resolved","M",IF(H22="private_resolved","P",IF(H22="resolution_error","E","-"))) -> M | T22: =IF(G22="C1a",IF(H22=VLOOKUP(SUBSTITUTE(A22,"_C1a","_C1c"),$A:$H,8,FALSE),"same","DIFF"),"") -> same | U22: =IF(AND(C22="nodejs",E22="B1b"),IF(H22=VLOOKUP(SUBSTITUTE(A22,"_B1b_","_B1d_"),$A:$H,8,FALSE),"same","DIFF"),"") | V22: =IF(AND(C22="nodejs",E22="B1c",H22<>"invalid_configuration"),IF(H22=VLOOKUP(SUBSTITUTE(A22,"_B1c_","_B1b_"),$A:$H,8,FALSE),"same","DIFF"),"") | W22: =IF(D22="A1a",IF(H22=VLOOKUP(SUBSTITUTE(A22,"_A1a_","_A1b_"),$A:$H,8,FALSE),"same","DIFF"),"") -> same
A23: npm_A1a_B1d_B2b_C1c | B23: 46272.552 | C23: nodejs | D23: A1a | E23: B1d | F23: B2b | G23: C1c | H23: malicious_resolved | I23: xueting-thesis-event-jianding | J23: 103 | K23: https://registry.npmjs.org/xueting-thesis-event-jianding/-/xueting-thesis-event-jianding-1.0.3.tgz | L23: xueting-thesis-service-fasong | M23: 103 | N23: https://registry.npmjs.org/xueting-thesis-service-fasong/-/xueting-thesis-service-fasong-1.0.3.tgz | O23: automation_process/central_automated_pipeline/artifact_download/npm_A1a_B1d_B2b_C1c | P23: 392d628e1a62a0ac3b0154c32f38e530fc871c0a | Q23: 34115617847 | R23: =C23&"|"&D23&"|"&E23&"|"&F23&"|"&G23 -> nodejs|A1a|B1d|B2b|C1c | S23: =IF(H23="malicious_resolved","M",IF(H23="private_resolved","P",IF(H23="resolution_error","E","-"))) -> M | T23: =IF(G23="C1a",IF(H23=VLOOKUP(SUBSTITUTE(A23,"_C1a","_C1c"),$A:$H,8,FALSE),"same","DIFF"),"") | U23: =IF(AND(C23="nodejs",E23="B1b"),IF(H23=VLOOKUP(SUBSTITUTE(A23,"_B1b_","_B1d_"),$A:$H,8,FALSE),"same","DIFF"),"") | V23: =IF(AND(C23="nodejs",E23="B1c",H23<>"invalid_configuration"),IF(H23=VLOOKUP(SUBSTITUTE(A23,"_B1c_","_B1b_"),$A:$H,8,FALSE),"same","DIFF"),"") | W23: =IF(D23="A1a",IF(H23=VLOOKUP(SUBSTITUTE(A23,"_A1a_","_A1b_"),$A:$H,8,FALSE),"same","DIFF"),"") -> same
A24: npm_A1a_B1d_B2c_C1a | B24: 46272.553 | C24: nodejs | D24: A1a | E24: B1d | F24: B2c | G24: C1a | H24: malicious_resolved | I24: xueting-thesis-event-jianding | J24: 103 | K24: https://registry.npmjs.org/xueting-thesis-event-jianding/-/xueting-thesis-event-jianding-1.0.3.tgz | L24: xueting-thesis-service-fasong | M24: 103 | N24: https://registry.npmjs.org/xueting-thesis-service-fasong/-/xueting-thesis-service-fasong-1.0.3.tgz | O24: automation_process/central_automated_pipeline/artifact_download/npm_A1a_B1d_B2c_C1a | P24: 392d628e1a62a0ac3b0154c32f38e530fc871c0a | Q24: 34115678801 | R24: =C24&"|"&D24&"|"&E24&"|"&F24&"|"&G24 -> nodejs|A1a|B1d|B2c|C1a | S24: =IF(H24="malicious_resolved","M",IF(H24="private_resolved","P",IF(H24="resolution_error","E","-"))) -> M | T24: =IF(G24="C1a",IF(H24=VLOOKUP(SUBSTITUTE(A24,"_C1a","_C1c"),$A:$H,8,FALSE),"same","DIFF"),"") -> same | U24: =IF(AND(C24="nodejs",E24="B1b"),IF(H24=VLOOKUP(SUBSTITUTE(A24,"_B1b_","_B1d_"),$A:$H,8,FALSE),"same","DIFF"),"") | V24: =IF(AND(C24="nodejs",E24="B1c",H24<>"invalid_configuration"),IF(H24=VLOOKUP(SUBSTITUTE(A24,"_B1c_","_B1b_"),$A:$H,8,FALSE),"same","DIFF"),"") | W24: =IF(D24="A1a",IF(H24=VLOOKUP(SUBSTITUTE(A24,"_A1a_","_A1b_"),$A:$H,8,FALSE),"same","DIFF"),"") -> same
A25: npm_A1a_B1d_B2c_C1c | B25: 46272.553 | C25: nodejs | D25: A1a | E25: B1d | F25: B2c | G25: C1c | H25: malicious_resolved | I25: xueting-thesis-event-jianding | J25: 103 | K25: https://registry.npmjs.org/xueting-thesis-event-jianding/-/xueting-thesis-event-jianding-1.0.3.tgz | L25: xueting-thesis-service-fasong | M25: 103 | N25: https://registry.npmjs.org/xueting-thesis-service-fasong/-/xueting-thesis-service-fasong-1.0.3.tgz | O25: automation_process/central_automated_pipeline/artifact_download/npm_A1a_B1d_B2c_C1c | P25: 392d628e1a62a0ac3b0154c32f38e530fc871c0a | Q25: 34115784848 | R25: =C25&"|"&D25&"|"&E25&"|"&F25&"|"&G25 -> nodejs|A1a|B1d|B2c|C1c | S25: =IF(H25="malicious_resolved","M",IF(H25="private_resolved","P",IF(H25="resolution_error","E","-"))) -> M | T25: =IF(G25="C1a",IF(H25=VLOOKUP(SUBSTITUTE(A25,"_C1a","_C1c"),$A:$H,8,FALSE),"same","DIFF"),"") | U25: =IF(AND(C25="nodejs",E25="B1b"),IF(H25=VLOOKUP(SUBSTITUTE(A25,"_B1b_","_B1d_"),$A:$H,8,FALSE),"same","DIFF"),"") | V25: =IF(AND(C25="nodejs",E25="B1c",H25<>"invalid_configuration"),IF(H25=VLOOKUP(SUBSTITUTE(A25,"_B1c_","_B1b_"),$A:$H,8,FALSE),"same","DIFF"),"") | W25: =IF(D25="A1a",IF(H25=VLOOKUP(SUBSTITUTE(A25,"_A1a_","_A1b_"),$A:$H,8,FALSE),"same","DIFF"),"") -> same
A26: npm_A1b_B1a_B2a_C1a | B26: 46272.554 | C26: nodejs | D26: A1b | E26: B1a | F26: B2a | G26: C1a | H26: private_resolved | I26: xueting-thesis-event-jianding | J26: 100 | K26: http://host.docker.internal:8081/repository/npm-group-private-first/xueting-thesis-event-jianding/-/xueting-thesis-event-jianding-1.0.0.tgz | L26: xueting-thesis-service-fasong | M26: 100 | N26: http://host.docker.internal:8081/repository/npm-group-private-first/xueting-thesis-service-fasong/-/xueting-thesis-service-fasong-1.0.0.tgz | O26: automation_process/central_automated_pipeline/artifact_download/npm_A1b_B1a_B2a_C1a | P26: 392d628e1a62a0ac3b0154c32f38e530fc871c0a | Q26: 34115837590 | R26: =C26&"|"&D26&"|"&E26&"|"&F26&"|"&G26 -> nodejs|A1b|B1a|B2a|C1a | S26: =IF(H26="malicious_resolved","M",IF(H26="private_resolved","P",IF(H26="resolution_error","E","-"))) -> P | T26: =IF(G26="C1a",IF(H26=VLOOKUP(SUBSTITUTE(A26,"_C1a","_C1c"),$A:$H,8,FALSE),"same","DIFF"),"") -> same | U26: =IF(AND(C26="nodejs",E26="B1b"),IF(H26=VLOOKUP(SUBSTITUTE(A26,"_B1b_","_B1d_"),$A:$H,8,FALSE),"same","DIFF"),"") | V26: =IF(AND(C26="nodejs",E26="B1c",H26<>"invalid_configuration"),IF(H26=VLOOKUP(SUBSTITUTE(A26,"_B1c_","_B1b_"),$A:$H,8,FALSE),"same","DIFF"),"") | W26: =IF(D26="A1a",IF(H26=VLOOKUP(SUBSTITUTE(A26,"_A1a_","_A1b_"),$A:$H,8,FALSE),"same","DIFF"),"")
A27: npm_A1b_B1a_B2a_C1c | B27: 46272.555 | C27: nodejs | D27: A1b | E27: B1a | F27: B2a | G27: C1c | H27: private_resolved | I27: xueting-thesis-event-jianding | J27: 100 | K27: http://host.docker.internal:8081/repository/npm-group-private-first/xueting-thesis-event-jianding/-/xueting-thesis-event-jianding-1.0.0.tgz | L27: xueting-thesis-service-fasong | M27: 100 | N27: http://host.docker.internal:8081/repository/npm-group-private-first/xueting-thesis-service-fasong/-/xueting-thesis-service-fasong-1.0.0.tgz | O27: automation_process/central_automated_pipeline/artifact_download/npm_A1b_B1a_B2a_C1c | P27: 392d628e1a62a0ac3b0154c32f38e530fc871c0a | Q27: 34115935529 | R27: =C27&"|"&D27&"|"&E27&"|"&F27&"|"&G27 -> nodejs|A1b|B1a|B2a|C1c | S27: =IF(H27="malicious_resolved","M",IF(H27="private_resolved","P",IF(H27="resolution_error","E","-"))) -> P | T27: =IF(G27="C1a",IF(H27=VLOOKUP(SUBSTITUTE(A27,"_C1a","_C1c"),$A:$H,8,FALSE),"same","DIFF"),"") | U27: =IF(AND(C27="nodejs",E27="B1b"),IF(H27=VLOOKUP(SUBSTITUTE(A27,"_B1b_","_B1d_"),$A:$H,8,FALSE),"same","DIFF"),"") | V27: =IF(AND(C27="nodejs",E27="B1c",H27<>"invalid_configuration"),IF(H27=VLOOKUP(SUBSTITUTE(A27,"_B1c_","_B1b_"),$A:$H,8,FALSE),"same","DIFF"),"") | W27: =IF(D27="A1a",IF(H27=VLOOKUP(SUBSTITUTE(A27,"_A1a_","_A1b_"),$A:$H,8,FALSE),"same","DIFF"),"")
A28: npm_A1b_B1a_B2b_C1a | B28: 46272.555 | C28: nodejs | D28: A1b | E28: B1a | F28: B2b | G28: C1a | H28: malicious_resolved | I28: xueting-thesis-event-jianding | J28: 103 | K28: http://host.docker.internal:8081/repository/npm-group-private-first/xueting-thesis-event-jianding/-/xueting-thesis-event-jianding-1.0.3.tgz | L28: xueting-thesis-service-fasong | M28: 103 | N28: http://host.docker.internal:8081/repository/npm-group-private-first/xueting-thesis-service-fasong/-/xueting-thesis-service-fasong-1.0.3.tgz | O28: automation_process/central_automated_pipeline/artifact_download/npm_A1b_B1a_B2b_C1a | P28: 392d628e1a62a0ac3b0154c32f38e530fc871c0a | Q28: 34115994072 | R28: =C28&"|"&D28&"|"&E28&"|"&F28&"|"&G28 -> nodejs|A1b|B1a|B2b|C1a | S28: =IF(H28="malicious_resolved","M",IF(H28="private_resolved","P",IF(H28="resolution_error","E","-"))) -> M | T28: =IF(G28="C1a",IF(H28=VLOOKUP(SUBSTITUTE(A28,"_C1a","_C1c"),$A:$H,8,FALSE),"same","DIFF"),"") -> same | U28: =IF(AND(C28="nodejs",E28="B1b"),IF(H28=VLOOKUP(SUBSTITUTE(A28,"_B1b_","_B1d_"),$A:$H,8,FALSE),"same","DIFF"),"") | V28: =IF(AND(C28="nodejs",E28="B1c",H28<>"invalid_configuration"),IF(H28=VLOOKUP(SUBSTITUTE(A28,"_B1c_","_B1b_"),$A:$H,8,FALSE),"same","DIFF"),"") | W28: =IF(D28="A1a",IF(H28=VLOOKUP(SUBSTITUTE(A28,"_A1a_","_A1b_"),$A:$H,8,FALSE),"same","DIFF"),"")
A29: npm_A1b_B1a_B2b_C1c | B29: 46272.556 | C29: nodejs | D29: A1b | E29: B1a | F29: B2b | G29: C1c | H29: malicious_resolved | I29: xueting-thesis-event-jianding | J29: 103 | K29: http://host.docker.internal:8081/repository/npm-group-private-first/xueting-thesis-event-jianding/-/xueting-thesis-event-jianding-1.0.3.tgz | L29: xueting-thesis-service-fasong | M29: 103 | N29: http://host.docker.internal:8081/repository/npm-group-private-first/xueting-thesis-service-fasong/-/xueting-thesis-service-fasong-1.0.3.tgz | O29: automation_process/central_automated_pipeline/artifact_download/npm_A1b_B1a_B2b_C1c | P29: 392d628e1a62a0ac3b0154c32f38e530fc871c0a | Q29: 34116096214 | R29: =C29&"|"&D29&"|"&E29&"|"&F29&"|"&G29 -> nodejs|A1b|B1a|B2b|C1c | S29: =IF(H29="malicious_resolved","M",IF(H29="private_resolved","P",IF(H29="resolution_error","E","-"))) -> M | T29: =IF(G29="C1a",IF(H29=VLOOKUP(SUBSTITUTE(A29,"_C1a","_C1c"),$A:$H,8,FALSE),"same","DIFF"),"") | U29: =IF(AND(C29="nodejs",E29="B1b"),IF(H29=VLOOKUP(SUBSTITUTE(A29,"_B1b_","_B1d_"),$A:$H,8,FALSE),"same","DIFF"),"") | V29: =IF(AND(C29="nodejs",E29="B1c",H29<>"invalid_configuration"),IF(H29=VLOOKUP(SUBSTITUTE(A29,"_B1c_","_B1b_"),$A:$H,8,FALSE),"same","DIFF"),"") | W29: =IF(D29="A1a",IF(H29=VLOOKUP(SUBSTITUTE(A29,"_A1a_","_A1b_"),$A:$H,8,FALSE),"same","DIFF"),"")
A30: npm_A1b_B1a_B2c_C1a | B30: 46272.556 | C30: nodejs | D30: A1b | E30: B1a | F30: B2c | G30: C1a | H30: malicious_resolved | I30: xueting-thesis-event-jianding | J30: 103 | K30: http://host.docker.internal:8081/repository/npm-group-private-first/xueting-thesis-event-jianding/-/xueting-thesis-event-jianding-1.0.3.tgz | L30: xueting-thesis-service-fasong | M30: 103 | N30: http://host.docker.internal:8081/repository/npm-group-private-first/xueting-thesis-service-fasong/-/xueting-thesis-service-fasong-1.0.3.tgz | O30: automation_process/central_automated_pipeline/artifact_download/npm_A1b_B1a_B2c_C1a | P30: 392d628e1a62a0ac3b0154c32f38e530fc871c0a | Q30: 34116151303 | R30: =C30&"|"&D30&"|"&E30&"|"&F30&"|"&G30 -> nodejs|A1b|B1a|B2c|C1a | S30: =IF(H30="malicious_resolved","M",IF(H30="private_resolved","P",IF(H30="resolution_error","E","-"))) -> M | T30: =IF(G30="C1a",IF(H30=VLOOKUP(SUBSTITUTE(A30,"_C1a","_C1c"),$A:$H,8,FALSE),"same","DIFF"),"") -> same | U30: =IF(AND(C30="nodejs",E30="B1b"),IF(H30=VLOOKUP(SUBSTITUTE(A30,"_B1b_","_B1d_"),$A:$H,8,FALSE),"same","DIFF"),"") | V30: =IF(AND(C30="nodejs",E30="B1c",H30<>"invalid_configuration"),IF(H30=VLOOKUP(SUBSTITUTE(A30,"_B1c_","_B1b_"),$A:$H,8,FALSE),"same","DIFF"),"") | W30: =IF(D30="A1a",IF(H30=VLOOKUP(SUBSTITUTE(A30,"_A1a_","_A1b_"),$A:$H,8,FALSE),"same","DIFF"),"")
A31: npm_A1b_B1a_B2c_C1c | B31: 46272.557 | C31: nodejs | D31: A1b | E31: B1a | F31: B2c | G31: C1c | H31: malicious_resolved | I31: xueting-thesis-event-jianding | J31: 103 | K31: http://host.docker.internal:8081/repository/npm-group-private-first/xueting-thesis-event-jianding/-/xueting-thesis-event-jianding-1.0.3.tgz | L31: xueting-thesis-service-fasong | M31: 103 | N31: http://host.docker.internal:8081/repository/npm-group-private-first/xueting-thesis-service-fasong/-/xueting-thesis-service-fasong-1.0.3.tgz | O31: automation_process/central_automated_pipeline/artifact_download/npm_A1b_B1a_B2c_C1c | P31: 392d628e1a62a0ac3b0154c32f38e530fc871c0a | Q31: 34116253591 | R31: =C31&"|"&D31&"|"&E31&"|"&F31&"|"&G31 -> nodejs|A1b|B1a|B2c|C1c | S31: =IF(H31="malicious_resolved","M",IF(H31="private_resolved","P",IF(H31="resolution_error","E","-"))) -> M | T31: =IF(G31="C1a",IF(H31=VLOOKUP(SUBSTITUTE(A31,"_C1a","_C1c"),$A:$H,8,FALSE),"same","DIFF"),"") | U31: =IF(AND(C31="nodejs",E31="B1b"),IF(H31=VLOOKUP(SUBSTITUTE(A31,"_B1b_","_B1d_"),$A:$H,8,FALSE),"same","DIFF"),"") | V31: =IF(AND(C31="nodejs",E31="B1c",H31<>"invalid_configuration"),IF(H31=VLOOKUP(SUBSTITUTE(A31,"_B1c_","_B1b_"),$A:$H,8,FALSE),"same","DIFF"),"") | W31: =IF(D31="A1a",IF(H31=VLOOKUP(SUBSTITUTE(A31,"_A1a_","_A1b_"),$A:$H,8,FALSE),"same","DIFF"),"")
A32: npm_A1b_B1b_B2a_C1a | B32: 46272.558 | C32: nodejs | D32: A1b | E32: B1b | F32: B2a | G32: C1a | H32: resolution_error | O32: automation_process/central_automated_pipeline/artifact_download/npm_A1b_B1b_B2a_C1a | P32: 392d628e1a62a0ac3b0154c32f38e530fc871c0a | Q32: 34116308952 | R32: =C32&"|"&D32&"|"&E32&"|"&F32&"|"&G32 -> nodejs|A1b|B1b|B2a|C1a | S32: =IF(H32="malicious_resolved","M",IF(H32="private_resolved","P",IF(H32="resolution_error","E","-"))) -> E | T32: =IF(G32="C1a",IF(H32=VLOOKUP(SUBSTITUTE(A32,"_C1a","_C1c"),$A:$H,8,FALSE),"same","DIFF"),"") -> same | U32: =IF(AND(C32="nodejs",E32="B1b"),IF(H32=VLOOKUP(SUBSTITUTE(A32,"_B1b_","_B1d_"),$A:$H,8,FALSE),"same","DIFF"),"") -> same | V32: =IF(AND(C32="nodejs",E32="B1c",H32<>"invalid_configuration"),IF(H32=VLOOKUP(SUBSTITUTE(A32,"_B1c_","_B1b_"),$A:$H,8,FALSE),"same","DIFF"),"") | W32: =IF(D32="A1a",IF(H32=VLOOKUP(SUBSTITUTE(A32,"_A1a_","_A1b_"),$A:$H,8,FALSE),"same","DIFF"),"")
A33: npm_A1b_B1b_B2a_C1c | B33: 46272.559 | C33: nodejs | D33: A1b | E33: B1b | F33: B2a | G33: C1c | H33: resolution_error | O33: automation_process/central_automated_pipeline/artifact_download/npm_A1b_B1b_B2a_C1c | P33: 392d628e1a62a0ac3b0154c32f38e530fc871c0a | Q33: 34116407149 | R33: =C33&"|"&D33&"|"&E33&"|"&F33&"|"&G33 -> nodejs|A1b|B1b|B2a|C1c | S33: =IF(H33="malicious_resolved","M",IF(H33="private_resolved","P",IF(H33="resolution_error","E","-"))) -> E | T33: =IF(G33="C1a",IF(H33=VLOOKUP(SUBSTITUTE(A33,"_C1a","_C1c"),$A:$H,8,FALSE),"same","DIFF"),"") | U33: =IF(AND(C33="nodejs",E33="B1b"),IF(H33=VLOOKUP(SUBSTITUTE(A33,"_B1b_","_B1d_"),$A:$H,8,FALSE),"same","DIFF"),"") -> same | V33: =IF(AND(C33="nodejs",E33="B1c",H33<>"invalid_configuration"),IF(H33=VLOOKUP(SUBSTITUTE(A33,"_B1c_","_B1b_"),$A:$H,8,FALSE),"same","DIFF"),"") | W33: =IF(D33="A1a",IF(H33=VLOOKUP(SUBSTITUTE(A33,"_A1a_","_A1b_"),$A:$H,8,FALSE),"same","DIFF"),"")
A34: npm_A1b_B1b_B2b_C1a | B34: 46272.559 | C34: nodejs | D34: A1b | E34: B1b | F34: B2b | G34: C1a | H34: malicious_resolved | I34: xueting-thesis-event-jianding | J34: 103 | K34: https://registry.npmjs.org/xueting-thesis-event-jianding/-/xueting-thesis-event-jianding-1.0.3.tgz | L34: xueting-thesis-service-fasong | M34: 103 | N34: https://registry.npmjs.org/xueting-thesis-service-fasong/-/xueting-thesis-service-fasong-1.0.3.tgz | O34: automation_process/central_automated_pipeline/artifact_download/npm_A1b_B1b_B2b_C1a | P34: 392d628e1a62a0ac3b0154c32f38e530fc871c0a | Q34: 34116456879 | R34: =C34&"|"&D34&"|"&E34&"|"&F34&"|"&G34 -> nodejs|A1b|B1b|B2b|C1a | S34: =IF(H34="malicious_resolved","M",IF(H34="private_resolved","P",IF(H34="resolution_error","E","-"))) -> M | T34: =IF(G34="C1a",IF(H34=VLOOKUP(SUBSTITUTE(A34,"_C1a","_C1c"),$A:$H,8,FALSE),"same","DIFF"),"") -> same | U34: =IF(AND(C34="nodejs",E34="B1b"),IF(H34=VLOOKUP(SUBSTITUTE(A34,"_B1b_","_B1d_"),$A:$H,8,FALSE),"same","DIFF"),"") -> same | V34: =IF(AND(C34="nodejs",E34="B1c",H34<>"invalid_configuration"),IF(H34=VLOOKUP(SUBSTITUTE(A34,"_B1c_","_B1b_"),$A:$H,8,FALSE),"same","DIFF"),"") | W34: =IF(D34="A1a",IF(H34=VLOOKUP(SUBSTITUTE(A34,"_A1a_","_A1b_"),$A:$H,8,FALSE),"same","DIFF"),"")
A35: npm_A1b_B1b_B2b_C1c | B35: 46272.56 | C35: nodejs | D35: A1b | E35: B1b | F35: B2b | G35: C1c | H35: malicious_resolved | I35: xueting-thesis-event-jianding | J35: 103 | K35: https://registry.npmjs.org/xueting-thesis-event-jianding/-/xueting-thesis-event-jianding-1.0.3.tgz | L35: xueting-thesis-service-fasong | M35: 103 | N35: https://registry.npmjs.org/xueting-thesis-service-fasong/-/xueting-thesis-service-fasong-1.0.3.tgz | O35: automation_process/central_automated_pipeline/artifact_download/npm_A1b_B1b_B2b_C1c | P35: 392d628e1a62a0ac3b0154c32f38e530fc871c0a | Q35: 34116567249 | R35: =C35&"|"&D35&"|"&E35&"|"&F35&"|"&G35 -> nodejs|A1b|B1b|B2b|C1c | S35: =IF(H35="malicious_resolved","M",IF(H35="private_resolved","P",IF(H35="resolution_error","E","-"))) -> M | T35: =IF(G35="C1a",IF(H35=VLOOKUP(SUBSTITUTE(A35,"_C1a","_C1c"),$A:$H,8,FALSE),"same","DIFF"),"") | U35: =IF(AND(C35="nodejs",E35="B1b"),IF(H35=VLOOKUP(SUBSTITUTE(A35,"_B1b_","_B1d_"),$A:$H,8,FALSE),"same","DIFF"),"") -> same | V35: =IF(AND(C35="nodejs",E35="B1c",H35<>"invalid_configuration"),IF(H35=VLOOKUP(SUBSTITUTE(A35,"_B1c_","_B1b_"),$A:$H,8,FALSE),"same","DIFF"),"") | W35: =IF(D35="A1a",IF(H35=VLOOKUP(SUBSTITUTE(A35,"_A1a_","_A1b_"),$A:$H,8,FALSE),"same","DIFF"),"")
A36: npm_A1b_B1b_B2c_C1a | B36: 46272.56 | C36: nodejs | D36: A1b | E36: B1b | F36: B2c | G36: C1a | H36: malicious_resolved | I36: xueting-thesis-event-jianding | J36: 103 | K36: https://registry.npmjs.org/xueting-thesis-event-jianding/-/xueting-thesis-event-jianding-1.0.3.tgz | L36: xueting-thesis-service-fasong | M36: 103 | N36: https://registry.npmjs.org/xueting-thesis-service-fasong/-/xueting-thesis-service-fasong-1.0.3.tgz | O36: automation_process/central_automated_pipeline/artifact_download/npm_A1b_B1b_B2c_C1a | P36: 392d628e1a62a0ac3b0154c32f38e530fc871c0a | Q36: 34116621847 | R36: =C36&"|"&D36&"|"&E36&"|"&F36&"|"&G36 -> nodejs|A1b|B1b|B2c|C1a | S36: =IF(H36="malicious_resolved","M",IF(H36="private_resolved","P",IF(H36="resolution_error","E","-"))) -> M | T36: =IF(G36="C1a",IF(H36=VLOOKUP(SUBSTITUTE(A36,"_C1a","_C1c"),$A:$H,8,FALSE),"same","DIFF"),"") -> same | U36: =IF(AND(C36="nodejs",E36="B1b"),IF(H36=VLOOKUP(SUBSTITUTE(A36,"_B1b_","_B1d_"),$A:$H,8,FALSE),"same","DIFF"),"") -> same | V36: =IF(AND(C36="nodejs",E36="B1c",H36<>"invalid_configuration"),IF(H36=VLOOKUP(SUBSTITUTE(A36,"_B1c_","_B1b_"),$A:$H,8,FALSE),"same","DIFF"),"") | W36: =IF(D36="A1a",IF(H36=VLOOKUP(SUBSTITUTE(A36,"_A1a_","_A1b_"),$A:$H,8,FALSE),"same","DIFF"),"")
A37: npm_A1b_B1b_B2c_C1c | B37: 46272.561 | C37: nodejs | D37: A1b | E37: B1b | F37: B2c | G37: C1c | H37: malicious_resolved | I37: xueting-thesis-event-jianding | J37: 103 | K37: https://registry.npmjs.org/xueting-thesis-event-jianding/-/xueting-thesis-event-jianding-1.0.3.tgz | L37: xueting-thesis-service-fasong | M37: 103 | N37: https://registry.npmjs.org/xueting-thesis-service-fasong/-/xueting-thesis-service-fasong-1.0.3.tgz | O37: automation_process/central_automated_pipeline/artifact_download/npm_A1b_B1b_B2c_C1c | P37: 392d628e1a62a0ac3b0154c32f38e530fc871c0a | Q37: 34116718007 | R37: =C37&"|"&D37&"|"&E37&"|"&F37&"|"&G37 -> nodejs|A1b|B1b|B2c|C1c | S37: =IF(H37="malicious_resolved","M",IF(H37="private_resolved","P",IF(H37="resolution_error","E","-"))) -> M | T37: =IF(G37="C1a",IF(H37=VLOOKUP(SUBSTITUTE(A37,"_C1a","_C1c"),$A:$H,8,FALSE),"same","DIFF"),"") | U37: =IF(AND(C37="nodejs",E37="B1b"),IF(H37=VLOOKUP(SUBSTITUTE(A37,"_B1b_","_B1d_"),$A:$H,8,FALSE),"same","DIFF"),"") -> same | V37: =IF(AND(C37="nodejs",E37="B1c",H37<>"invalid_configuration"),IF(H37=VLOOKUP(SUBSTITUTE(A37,"_B1c_","_B1b_"),$A:$H,8,FALSE),"same","DIFF"),"") | W37: =IF(D37="A1a",IF(H37=VLOOKUP(SUBSTITUTE(A37,"_A1a_","_A1b_"),$A:$H,8,FALSE),"same","DIFF"),"")
A38: npm_A1b_B1c_B2a_C1a | B38: 46272.561 | C38: nodejs | D38: A1b | E38: B1c | F38: B2a | G38: C1a | H38: resolution_error | O38: automation_process/central_automated_pipeline/artifact_download/npm_A1b_B1c_B2a_C1a | P38: 392d628e1a62a0ac3b0154c32f38e530fc871c0a | Q38: 34116770132 | R38: =C38&"|"&D38&"|"&E38&"|"&F38&"|"&G38 -> nodejs|A1b|B1c|B2a|C1a | S38: =IF(H38="malicious_resolved","M",IF(H38="private_resolved","P",IF(H38="resolution_error","E","-"))) -> E | T38: =IF(G38="C1a",IF(H38=VLOOKUP(SUBSTITUTE(A38,"_C1a","_C1c"),$A:$H,8,FALSE),"same","DIFF"),"") -> same | U38: =IF(AND(C38="nodejs",E38="B1b"),IF(H38=VLOOKUP(SUBSTITUTE(A38,"_B1b_","_B1d_"),$A:$H,8,FALSE),"same","DIFF"),"") | V38: =IF(AND(C38="nodejs",E38="B1c",H38<>"invalid_configuration"),IF(H38=VLOOKUP(SUBSTITUTE(A38,"_B1c_","_B1b_"),$A:$H,8,FALSE),"same","DIFF"),"") -> same | W38: =IF(D38="A1a",IF(H38=VLOOKUP(SUBSTITUTE(A38,"_A1a_","_A1b_"),$A:$H,8,FALSE),"same","DIFF"),"")
A39: npm_A1b_B1c_B2a_C1c | B39: 46272.562 | C39: nodejs | D39: A1b | E39: B1c | F39: B2a | G39: C1c | H39: resolution_error | O39: automation_process/central_automated_pipeline/artifact_download/npm_A1b_B1c_B2a_C1c | P39: 392d628e1a62a0ac3b0154c32f38e530fc871c0a | Q39: 34116863329 | R39: =C39&"|"&D39&"|"&E39&"|"&F39&"|"&G39 -> nodejs|A1b|B1c|B2a|C1c | S39: =IF(H39="malicious_resolved","M",IF(H39="private_resolved","P",IF(H39="resolution_error","E","-"))) -> E | T39: =IF(G39="C1a",IF(H39=VLOOKUP(SUBSTITUTE(A39,"_C1a","_C1c"),$A:$H,8,FALSE),"same","DIFF"),"") | U39: =IF(AND(C39="nodejs",E39="B1b"),IF(H39=VLOOKUP(SUBSTITUTE(A39,"_B1b_","_B1d_"),$A:$H,8,FALSE),"same","DIFF"),"") | V39: =IF(AND(C39="nodejs",E39="B1c",H39<>"invalid_configuration"),IF(H39=VLOOKUP(SUBSTITUTE(A39,"_B1c_","_B1b_"),$A:$H,8,FALSE),"same","DIFF"),"") -> same | W39: =IF(D39="A1a",IF(H39=VLOOKUP(SUBSTITUTE(A39,"_A1a_","_A1b_"),$A:$H,8,FALSE),"same","DIFF"),"")
A40: npm_A1b_B1c_B2b_C1a | B40: 46272.563 | C40: nodejs | D40: A1b | E40: B1c | F40: B2b | G40: C1a | H40: malicious_resolved | I40: xueting-thesis-event-jianding | J40: 103 | K40: http://host.docker.internal:8081/repository/npm-public-proxy/xueting-thesis-event-jianding/-/xueting-thesis-event-jianding-1.0.3.tgz | L40: xueting-thesis-service-fasong | M40: 103 | N40: http://host.docker.internal:8081/repository/npm-public-proxy/xueting-thesis-service-fasong/-/xueting-thesis-service-fasong-1.0.3.tgz | O40: automation_process/central_automated_pipeline/artifact_download/npm_A1b_B1c_B2b_C1a | P40: 392d628e1a62a0ac3b0154c32f38e530fc871c0a | Q40: 34116911633 | R40: =C40&"|"&D40&"|"&E40&"|"&F40&"|"&G40 -> nodejs|A1b|B1c|B2b|C1a | S40: =IF(H40="malicious_resolved","M",IF(H40="private_resolved","P",IF(H40="resolution_error","E","-"))) -> M | T40: =IF(G40="C1a",IF(H40=VLOOKUP(SUBSTITUTE(A40,"_C1a","_C1c"),$A:$H,8,FALSE),"same","DIFF"),"") -> same | U40: =IF(AND(C40="nodejs",E40="B1b"),IF(H40=VLOOKUP(SUBSTITUTE(A40,"_B1b_","_B1d_"),$A:$H,8,FALSE),"same","DIFF"),"") | V40: =IF(AND(C40="nodejs",E40="B1c",H40<>"invalid_configuration"),IF(H40=VLOOKUP(SUBSTITUTE(A40,"_B1c_","_B1b_"),$A:$H,8,FALSE),"same","DIFF"),"") -> same | W40: =IF(D40="A1a",IF(H40=VLOOKUP(SUBSTITUTE(A40,"_A1a_","_A1b_"),$A:$H,8,FALSE),"same","DIFF"),"")
A41: npm_A1b_B1c_B2b_C1c | B41: 46272.564 | C41: nodejs | D41: A1b | E41: B1c | F41: B2b | G41: C1c | H41: malicious_resolved | I41: xueting-thesis-event-jianding | J41: 103 | K41: http://host.docker.internal:8081/repository/npm-public-proxy/xueting-thesis-event-jianding/-/xueting-thesis-event-jianding-1.0.3.tgz | L41: xueting-thesis-service-fasong | M41: 103 | N41: http://host.docker.internal:8081/repository/npm-public-proxy/xueting-thesis-service-fasong/-/xueting-thesis-service-fasong-1.0.3.tgz | O41: automation_process/central_automated_pipeline/artifact_download/npm_A1b_B1c_B2b_C1c | P41: 392d628e1a62a0ac3b0154c32f38e530fc871c0a | Q41: 34117020007 | R41: =C41&"|"&D41&"|"&E41&"|"&F41&"|"&G41 -> nodejs|A1b|B1c|B2b|C1c | S41: =IF(H41="malicious_resolved","M",IF(H41="private_resolved","P",IF(H41="resolution_error","E","-"))) -> M | T41: =IF(G41="C1a",IF(H41=VLOOKUP(SUBSTITUTE(A41,"_C1a","_C1c"),$A:$H,8,FALSE),"same","DIFF"),"") | U41: =IF(AND(C41="nodejs",E41="B1b"),IF(H41=VLOOKUP(SUBSTITUTE(A41,"_B1b_","_B1d_"),$A:$H,8,FALSE),"same","DIFF"),"") | V41: =IF(AND(C41="nodejs",E41="B1c",H41<>"invalid_configuration"),IF(H41=VLOOKUP(SUBSTITUTE(A41,"_B1c_","_B1b_"),$A:$H,8,FALSE),"same","DIFF"),"") -> same | W41: =IF(D41="A1a",IF(H41=VLOOKUP(SUBSTITUTE(A41,"_A1a_","_A1b_"),$A:$H,8,FALSE),"same","DIFF"),"")
A42: npm_A1b_B1c_B2c_C1a | B42: 46272.564 | C42: nodejs | D42: A1b | E42: B1c | F42: B2c | G42: C1a | H42: malicious_resolved | I42: xueting-thesis-event-jianding | J42: 103 | K42: http://host.docker.internal:8081/repository/npm-public-proxy/xueting-thesis-event-jianding/-/xueting-thesis-event-jianding-1.0.3.tgz | L42: xueting-thesis-service-fasong | M42: 103 | N42: http://host.docker.internal:8081/repository/npm-public-proxy/xueting-thesis-service-fasong/-/xueting-thesis-service-fasong-1.0.3.tgz | O42: automation_process/central_automated_pipeline/artifact_download/npm_A1b_B1c_B2c_C1a | P42: 392d628e1a62a0ac3b0154c32f38e530fc871c0a | Q42: 34117073958 | R42: =C42&"|"&D42&"|"&E42&"|"&F42&"|"&G42 -> nodejs|A1b|B1c|B2c|C1a | S42: =IF(H42="malicious_resolved","M",IF(H42="private_resolved","P",IF(H42="resolution_error","E","-"))) -> M | T42: =IF(G42="C1a",IF(H42=VLOOKUP(SUBSTITUTE(A42,"_C1a","_C1c"),$A:$H,8,FALSE),"same","DIFF"),"") -> same | U42: =IF(AND(C42="nodejs",E42="B1b"),IF(H42=VLOOKUP(SUBSTITUTE(A42,"_B1b_","_B1d_"),$A:$H,8,FALSE),"same","DIFF"),"") | V42: =IF(AND(C42="nodejs",E42="B1c",H42<>"invalid_configuration"),IF(H42=VLOOKUP(SUBSTITUTE(A42,"_B1c_","_B1b_"),$A:$H,8,FALSE),"same","DIFF"),"") -> same | W42: =IF(D42="A1a",IF(H42=VLOOKUP(SUBSTITUTE(A42,"_A1a_","_A1b_"),$A:$H,8,FALSE),"same","DIFF"),"")
A43: npm_A1b_B1c_B2c_C1c | B43: 46272.565 | C43: nodejs | D43: A1b | E43: B1c | F43: B2c | G43: C1c | H43: malicious_resolved | I43: xueting-thesis-event-jianding | J43: 103 | K43: http://host.docker.internal:8081/repository/npm-public-proxy/xueting-thesis-event-jianding/-/xueting-thesis-event-jianding-1.0.3.tgz | L43: xueting-thesis-service-fasong | M43: 103 | N43: http://host.docker.internal:8081/repository/npm-public-proxy/xueting-thesis-service-fasong/-/xueting-thesis-service-fasong-1.0.3.tgz | O43: automation_process/central_automated_pipeline/artifact_download/npm_A1b_B1c_B2c_C1c | P43: 392d628e1a62a0ac3b0154c32f38e530fc871c0a | Q43: 34117177741 | R43: =C43&"|"&D43&"|"&E43&"|"&F43&"|"&G43 -> nodejs|A1b|B1c|B2c|C1c | S43: =IF(H43="malicious_resolved","M",IF(H43="private_resolved","P",IF(H43="resolution_error","E","-"))) -> M | T43: =IF(G43="C1a",IF(H43=VLOOKUP(SUBSTITUTE(A43,"_C1a","_C1c"),$A:$H,8,FALSE),"same","DIFF"),"") | U43: =IF(AND(C43="nodejs",E43="B1b"),IF(H43=VLOOKUP(SUBSTITUTE(A43,"_B1b_","_B1d_"),$A:$H,8,FALSE),"same","DIFF"),"") | V43: =IF(AND(C43="nodejs",E43="B1c",H43<>"invalid_configuration"),IF(H43=VLOOKUP(SUBSTITUTE(A43,"_B1c_","_B1b_"),$A:$H,8,FALSE),"same","DIFF"),"") -> same | W43: =IF(D43="A1a",IF(H43=VLOOKUP(SUBSTITUTE(A43,"_A1a_","_A1b_"),$A:$H,8,FALSE),"same","DIFF"),"")
A44: npm_A1b_B1d_B2a_C1a | B44: 46272.565 | C44: nodejs | D44: A1b | E44: B1d | F44: B2a | G44: C1a | H44: resolution_error | O44: automation_process/central_automated_pipeline/artifact_download/npm_A1b_B1d_B2a_C1a | P44: 392d628e1a62a0ac3b0154c32f38e530fc871c0a | Q44: 34117230118 | R44: =C44&"|"&D44&"|"&E44&"|"&F44&"|"&G44 -> nodejs|A1b|B1d|B2a|C1a | S44: =IF(H44="malicious_resolved","M",IF(H44="private_resolved","P",IF(H44="resolution_error","E","-"))) -> E | T44: =IF(G44="C1a",IF(H44=VLOOKUP(SUBSTITUTE(A44,"_C1a","_C1c"),$A:$H,8,FALSE),"same","DIFF"),"") -> same | U44: =IF(AND(C44="nodejs",E44="B1b"),IF(H44=VLOOKUP(SUBSTITUTE(A44,"_B1b_","_B1d_"),$A:$H,8,FALSE),"same","DIFF"),"") | V44: =IF(AND(C44="nodejs",E44="B1c",H44<>"invalid_configuration"),IF(H44=VLOOKUP(SUBSTITUTE(A44,"_B1c_","_B1b_"),$A:$H,8,FALSE),"same","DIFF"),"") | W44: =IF(D44="A1a",IF(H44=VLOOKUP(SUBSTITUTE(A44,"_A1a_","_A1b_"),$A:$H,8,FALSE),"same","DIFF"),"")
A45: npm_A1b_B1d_B2a_C1c | B45: 46272.566 | C45: nodejs | D45: A1b | E45: B1d | F45: B2a | G45: C1c | H45: resolution_error | O45: automation_process/central_automated_pipeline/artifact_download/npm_A1b_B1d_B2a_C1c | P45: 392d628e1a62a0ac3b0154c32f38e530fc871c0a | Q45: 34117326219 | R45: =C45&"|"&D45&"|"&E45&"|"&F45&"|"&G45 -> nodejs|A1b|B1d|B2a|C1c | S45: =IF(H45="malicious_resolved","M",IF(H45="private_resolved","P",IF(H45="resolution_error","E","-"))) -> E | T45: =IF(G45="C1a",IF(H45=VLOOKUP(SUBSTITUTE(A45,"_C1a","_C1c"),$A:$H,8,FALSE),"same","DIFF"),"") | U45: =IF(AND(C45="nodejs",E45="B1b"),IF(H45=VLOOKUP(SUBSTITUTE(A45,"_B1b_","_B1d_"),$A:$H,8,FALSE),"same","DIFF"),"") | V45: =IF(AND(C45="nodejs",E45="B1c",H45<>"invalid_configuration"),IF(H45=VLOOKUP(SUBSTITUTE(A45,"_B1c_","_B1b_"),$A:$H,8,FALSE),"same","DIFF"),"") | W45: =IF(D45="A1a",IF(H45=VLOOKUP(SUBSTITUTE(A45,"_A1a_","_A1b_"),$A:$H,8,FALSE),"same","DIFF"),"")
A46: npm_A1b_B1d_B2b_C1a | B46: 46272.566 | C46: nodejs | D46: A1b | E46: B1d | F46: B2b | G46: C1a | H46: malicious_resolved | I46: xueting-thesis-event-jianding | J46: 103 | K46: https://registry.npmjs.org/xueting-thesis-event-jianding/-/xueting-thesis-event-jianding-1.0.3.tgz | L46: xueting-thesis-service-fasong | M46: 103 | N46: https://registry.npmjs.org/xueting-thesis-service-fasong/-/xueting-thesis-service-fasong-1.0.3.tgz | O46: automation_process/central_automated_pipeline/artifact_download/npm_A1b_B1d_B2b_C1a | P46: 392d628e1a62a0ac3b0154c32f38e530fc871c0a | Q46: 34117375663 | R46: =C46&"|"&D46&"|"&E46&"|"&F46&"|"&G46 -> nodejs|A1b|B1d|B2b|C1a | S46: =IF(H46="malicious_resolved","M",IF(H46="private_resolved","P",IF(H46="resolution_error","E","-"))) -> M | T46: =IF(G46="C1a",IF(H46=VLOOKUP(SUBSTITUTE(A46,"_C1a","_C1c"),$A:$H,8,FALSE),"same","DIFF"),"") -> same | U46: =IF(AND(C46="nodejs",E46="B1b"),IF(H46=VLOOKUP(SUBSTITUTE(A46,"_B1b_","_B1d_"),$A:$H,8,FALSE),"same","DIFF"),"") | V46: =IF(AND(C46="nodejs",E46="B1c",H46<>"invalid_configuration"),IF(H46=VLOOKUP(SUBSTITUTE(A46,"_B1c_","_B1b_"),$A:$H,8,FALSE),"same","DIFF"),"") | W46: =IF(D46="A1a",IF(H46=VLOOKUP(SUBSTITUTE(A46,"_A1a_","_A1b_"),$A:$H,8,FALSE),"same","DIFF"),"")
A47: npm_A1b_B1d_B2b_C1c | B47: 46272.567 | C47: nodejs | D47: A1b | E47: B1d | F47: B2b | G47: C1c | H47: malicious_resolved | I47: xueting-thesis-event-jianding | J47: 103 | K47: https://registry.npmjs.org/xueting-thesis-event-jianding/-/xueting-thesis-event-jianding-1.0.3.tgz | L47: xueting-thesis-service-fasong | M47: 103 | N47: https://registry.npmjs.org/xueting-thesis-service-fasong/-/xueting-thesis-service-fasong-1.0.3.tgz | O47: automation_process/central_automated_pipeline/artifact_download/npm_A1b_B1d_B2b_C1c | P47: 392d628e1a62a0ac3b0154c32f38e530fc871c0a | Q47: 34117475534 | R47: =C47&"|"&D47&"|"&E47&"|"&F47&"|"&G47 -> nodejs|A1b|B1d|B2b|C1c | S47: =IF(H47="malicious_resolved","M",IF(H47="private_resolved","P",IF(H47="resolution_error","E","-"))) -> M | T47: =IF(G47="C1a",IF(H47=VLOOKUP(SUBSTITUTE(A47,"_C1a","_C1c"),$A:$H,8,FALSE),"same","DIFF"),"") | U47: =IF(AND(C47="nodejs",E47="B1b"),IF(H47=VLOOKUP(SUBSTITUTE(A47,"_B1b_","_B1d_"),$A:$H,8,FALSE),"same","DIFF"),"") | V47: =IF(AND(C47="nodejs",E47="B1c",H47<>"invalid_configuration"),IF(H47=VLOOKUP(SUBSTITUTE(A47,"_B1c_","_B1b_"),$A:$H,8,FALSE),"same","DIFF"),"") | W47: =IF(D47="A1a",IF(H47=VLOOKUP(SUBSTITUTE(A47,"_A1a_","_A1b_"),$A:$H,8,FALSE),"same","DIFF"),"")
A48: npm_A1b_B1d_B2c_C1a | B48: 46272.568 | C48: nodejs | D48: A1b | E48: B1d | F48: B2c | G48: C1a | H48: malicious_resolved | I48: xueting-thesis-event-jianding | J48: 103 | K48: https://registry.npmjs.org/xueting-thesis-event-jianding/-/xueting-thesis-event-jianding-1.0.3.tgz | L48: xueting-thesis-service-fasong | M48: 103 | N48: https://registry.npmjs.org/xueting-thesis-service-fasong/-/xueting-thesis-service-fasong-1.0.3.tgz | O48: automation_process/central_automated_pipeline/artifact_download/npm_A1b_B1d_B2c_C1a | P48: 392d628e1a62a0ac3b0154c32f38e530fc871c0a | Q48: 34117532741 | R48: =C48&"|"&D48&"|"&E48&"|"&F48&"|"&G48 -> nodejs|A1b|B1d|B2c|C1a | S48: =IF(H48="malicious_resolved","M",IF(H48="private_resolved","P",IF(H48="resolution_error","E","-"))) -> M | T48: =IF(G48="C1a",IF(H48=VLOOKUP(SUBSTITUTE(A48,"_C1a","_C1c"),$A:$H,8,FALSE),"same","DIFF"),"") -> same | U48: =IF(AND(C48="nodejs",E48="B1b"),IF(H48=VLOOKUP(SUBSTITUTE(A48,"_B1b_","_B1d_"),$A:$H,8,FALSE),"same","DIFF"),"") | V48: =IF(AND(C48="nodejs",E48="B1c",H48<>"invalid_configuration"),IF(H48=VLOOKUP(SUBSTITUTE(A48,"_B1c_","_B1b_"),$A:$H,8,FALSE),"same","DIFF"),"") | W48: =IF(D48="A1a",IF(H48=VLOOKUP(SUBSTITUTE(A48,"_A1a_","_A1b_"),$A:$H,8,FALSE),"same","DIFF"),"")
A49: npm_A1b_B1d_B2c_C1c | B49: 46272.568 | C49: nodejs | D49: A1b | E49: B1d | F49: B2c | G49: C1c | H49: malicious_resolved | I49: xueting-thesis-event-jianding | J49: 103 | K49: https://registry.npmjs.org/xueting-thesis-event-jianding/-/xueting-thesis-event-jianding-1.0.3.tgz | L49: xueting-thesis-service-fasong | M49: 103 | N49: https://registry.npmjs.org/xueting-thesis-service-fasong/-/xueting-thesis-service-fasong-1.0.3.tgz | O49: automation_process/central_automated_pipeline/artifact_download/npm_A1b_B1d_B2c_C1c | P49: 392d628e1a62a0ac3b0154c32f38e530fc871c0a | Q49: 34117627729 | R49: =C49&"|"&D49&"|"&E49&"|"&F49&"|"&G49 -> nodejs|A1b|B1d|B2c|C1c | S49: =IF(H49="malicious_resolved","M",IF(H49="private_resolved","P",IF(H49="resolution_error","E","-"))) -> M | T49: =IF(G49="C1a",IF(H49=VLOOKUP(SUBSTITUTE(A49,"_C1a","_C1c"),$A:$H,8,FALSE),"same","DIFF"),"") | U49: =IF(AND(C49="nodejs",E49="B1b"),IF(H49=VLOOKUP(SUBSTITUTE(A49,"_B1b_","_B1d_"),$A:$H,8,FALSE),"same","DIFF"),"") | V49: =IF(AND(C49="nodejs",E49="B1c",H49<>"invalid_configuration"),IF(H49=VLOOKUP(SUBSTITUTE(A49,"_B1c_","_B1b_"),$A:$H,8,FALSE),"same","DIFF"),"") | W49: =IF(D49="A1a",IF(H49=VLOOKUP(SUBSTITUTE(A49,"_A1a_","_A1b_"),$A:$H,8,FALSE),"same","DIFF"),"")
A50: npm_A2_B1a_B2a_C1a | B50: 46272.569 | C50: nodejs | D50: A2 | E50: B1a | F50: B2a | G50: C1a | H50: resolution_error | O50: automation_process/central_automated_pipeline/artifact_download/npm_A2_B1a_B2a_C1a | P50: 392d628e1a62a0ac3b0154c32f38e530fc871c0a | Q50: 34117679431 | R50: =C50&"|"&D50&"|"&E50&"|"&F50&"|"&G50 -> nodejs|A2|B1a|B2a|C1a | S50: =IF(H50="malicious_resolved","M",IF(H50="private_resolved","P",IF(H50="resolution_error","E","-"))) -> E | T50: =IF(G50="C1a",IF(H50=VLOOKUP(SUBSTITUTE(A50,"_C1a","_C1c"),$A:$H,8,FALSE),"same","DIFF"),"") -> same | U50: =IF(AND(C50="nodejs",E50="B1b"),IF(H50=VLOOKUP(SUBSTITUTE(A50,"_B1b_","_B1d_"),$A:$H,8,FALSE),"same","DIFF"),"") | V50: =IF(AND(C50="nodejs",E50="B1c",H50<>"invalid_configuration"),IF(H50=VLOOKUP(SUBSTITUTE(A50,"_B1c_","_B1b_"),$A:$H,8,FALSE),"same","DIFF"),"") | W50: =IF(D50="A1a",IF(H50=VLOOKUP(SUBSTITUTE(A50,"_A1a_","_A1b_"),$A:$H,8,FALSE),"same","DIFF"),"")
A51: npm_A2_B1a_B2a_C1c | B51: 46272.57 | C51: nodejs | D51: A2 | E51: B1a | F51: B2a | G51: C1c | H51: resolution_error | O51: automation_process/central_automated_pipeline/artifact_download/npm_A2_B1a_B2a_C1c | P51: 392d628e1a62a0ac3b0154c32f38e530fc871c0a | Q51: 34117770868 | R51: =C51&"|"&D51&"|"&E51&"|"&F51&"|"&G51 -> nodejs|A2|B1a|B2a|C1c | S51: =IF(H51="malicious_resolved","M",IF(H51="private_resolved","P",IF(H51="resolution_error","E","-"))) -> E | T51: =IF(G51="C1a",IF(H51=VLOOKUP(SUBSTITUTE(A51,"_C1a","_C1c"),$A:$H,8,FALSE),"same","DIFF"),"") | U51: =IF(AND(C51="nodejs",E51="B1b"),IF(H51=VLOOKUP(SUBSTITUTE(A51,"_B1b_","_B1d_"),$A:$H,8,FALSE),"same","DIFF"),"") | V51: =IF(AND(C51="nodejs",E51="B1c",H51<>"invalid_configuration"),IF(H51=VLOOKUP(SUBSTITUTE(A51,"_B1c_","_B1b_"),$A:$H,8,FALSE),"same","DIFF"),"") | W51: =IF(D51="A1a",IF(H51=VLOOKUP(SUBSTITUTE(A51,"_A1a_","_A1b_"),$A:$H,8,FALSE),"same","DIFF"),"")
A52: npm_A2_B1a_B2b_C1a | B52: 46272.57 | C52: nodejs | D52: A2 | E52: B1a | F52: B2b | G52: C1a | H52: resolution_error | O52: automation_process/central_automated_pipeline/artifact_download/npm_A2_B1a_B2b_C1a | P52: 392d628e1a62a0ac3b0154c32f38e530fc871c0a | Q52: 34117821027 | R52: =C52&"|"&D52&"|"&E52&"|"&F52&"|"&G52 -> nodejs|A2|B1a|B2b|C1a | S52: =IF(H52="malicious_resolved","M",IF(H52="private_resolved","P",IF(H52="resolution_error","E","-"))) -> E | T52: =IF(G52="C1a",IF(H52=VLOOKUP(SUBSTITUTE(A52,"_C1a","_C1c"),$A:$H,8,FALSE),"same","DIFF"),"") -> same | U52: =IF(AND(C52="nodejs",E52="B1b"),IF(H52=VLOOKUP(SUBSTITUTE(A52,"_B1b_","_B1d_"),$A:$H,8,FALSE),"same","DIFF"),"") | V52: =IF(AND(C52="nodejs",E52="B1c",H52<>"invalid_configuration"),IF(H52=VLOOKUP(SUBSTITUTE(A52,"_B1c_","_B1b_"),$A:$H,8,FALSE),"same","DIFF"),"") | W52: =IF(D52="A1a",IF(H52=VLOOKUP(SUBSTITUTE(A52,"_A1a_","_A1b_"),$A:$H,8,FALSE),"same","DIFF"),"")
A53: npm_A2_B1a_B2b_C1c | B53: 46272.571 | C53: nodejs | D53: A2 | E53: B1a | F53: B2b | G53: C1c | H53: resolution_error | O53: automation_process/central_automated_pipeline/artifact_download/npm_A2_B1a_B2b_C1c | P53: 392d628e1a62a0ac3b0154c32f38e530fc871c0a | Q53: 34117918305 | R53: =C53&"|"&D53&"|"&E53&"|"&F53&"|"&G53 -> nodejs|A2|B1a|B2b|C1c | S53: =IF(H53="malicious_resolved","M",IF(H53="private_resolved","P",IF(H53="resolution_error","E","-"))) -> E | T53: =IF(G53="C1a",IF(H53=VLOOKUP(SUBSTITUTE(A53,"_C1a","_C1c"),$A:$H,8,FALSE),"same","DIFF"),"") | U53: =IF(AND(C53="nodejs",E53="B1b"),IF(H53=VLOOKUP(SUBSTITUTE(A53,"_B1b_","_B1d_"),$A:$H,8,FALSE),"same","DIFF"),"") | V53: =IF(AND(C53="nodejs",E53="B1c",H53<>"invalid_configuration"),IF(H53=VLOOKUP(SUBSTITUTE(A53,"_B1c_","_B1b_"),$A:$H,8,FALSE),"same","DIFF"),"") | W53: =IF(D53="A1a",IF(H53=VLOOKUP(SUBSTITUTE(A53,"_A1a_","_A1b_"),$A:$H,8,FALSE),"same","DIFF"),"")
A54: npm_A2_B1a_B2c_C1a | B54: 46272.571 | C54: nodejs | D54: A2 | E54: B1a | F54: B2c | G54: C1a | H54: resolution_error | O54: automation_process/central_automated_pipeline/artifact_download/npm_A2_B1a_B2c_C1a | P54: 392d628e1a62a0ac3b0154c32f38e530fc871c0a | Q54: 34117966213 | R54: =C54&"|"&D54&"|"&E54&"|"&F54&"|"&G54 -> nodejs|A2|B1a|B2c|C1a | S54: =IF(H54="malicious_resolved","M",IF(H54="private_resolved","P",IF(H54="resolution_error","E","-"))) -> E | T54: =IF(G54="C1a",IF(H54=VLOOKUP(SUBSTITUTE(A54,"_C1a","_C1c"),$A:$H,8,FALSE),"same","DIFF"),"") -> same | U54: =IF(AND(C54="nodejs",E54="B1b"),IF(H54=VLOOKUP(SUBSTITUTE(A54,"_B1b_","_B1d_"),$A:$H,8,FALSE),"same","DIFF"),"") | V54: =IF(AND(C54="nodejs",E54="B1c",H54<>"invalid_configuration"),IF(H54=VLOOKUP(SUBSTITUTE(A54,"_B1c_","_B1b_"),$A:$H,8,FALSE),"same","DIFF"),"") | W54: =IF(D54="A1a",IF(H54=VLOOKUP(SUBSTITUTE(A54,"_A1a_","_A1b_"),$A:$H,8,FALSE),"same","DIFF"),"")
A55: npm_A2_B1a_B2c_C1c | B55: 46272.572 | C55: nodejs | D55: A2 | E55: B1a | F55: B2c | G55: C1c | H55: resolution_error | O55: automation_process/central_automated_pipeline/artifact_download/npm_A2_B1a_B2c_C1c | P55: 392d628e1a62a0ac3b0154c32f38e530fc871c0a | Q55: 34118059587 | R55: =C55&"|"&D55&"|"&E55&"|"&F55&"|"&G55 -> nodejs|A2|B1a|B2c|C1c | S55: =IF(H55="malicious_resolved","M",IF(H55="private_resolved","P",IF(H55="resolution_error","E","-"))) -> E | T55: =IF(G55="C1a",IF(H55=VLOOKUP(SUBSTITUTE(A55,"_C1a","_C1c"),$A:$H,8,FALSE),"same","DIFF"),"") | U55: =IF(AND(C55="nodejs",E55="B1b"),IF(H55=VLOOKUP(SUBSTITUTE(A55,"_B1b_","_B1d_"),$A:$H,8,FALSE),"same","DIFF"),"") | V55: =IF(AND(C55="nodejs",E55="B1c",H55<>"invalid_configuration"),IF(H55=VLOOKUP(SUBSTITUTE(A55,"_B1c_","_B1b_"),$A:$H,8,FALSE),"same","DIFF"),"") | W55: =IF(D55="A1a",IF(H55=VLOOKUP(SUBSTITUTE(A55,"_A1a_","_A1b_"),$A:$H,8,FALSE),"same","DIFF"),"")
A56: npm_A2_B1b_B2a_C1a | B56: 46272.572 | C56: nodejs | D56: A2 | E56: B1b | F56: B2a | G56: C1a | H56: resolution_error | O56: automation_process/central_automated_pipeline/artifact_download/npm_A2_B1b_B2a_C1a | P56: 392d628e1a62a0ac3b0154c32f38e530fc871c0a | Q56: 34118106463 | R56: =C56&"|"&D56&"|"&E56&"|"&F56&"|"&G56 -> nodejs|A2|B1b|B2a|C1a | S56: =IF(H56="malicious_resolved","M",IF(H56="private_resolved","P",IF(H56="resolution_error","E","-"))) -> E | T56: =IF(G56="C1a",IF(H56=VLOOKUP(SUBSTITUTE(A56,"_C1a","_C1c"),$A:$H,8,FALSE),"same","DIFF"),"") -> same | U56: =IF(AND(C56="nodejs",E56="B1b"),IF(H56=VLOOKUP(SUBSTITUTE(A56,"_B1b_","_B1d_"),$A:$H,8,FALSE),"same","DIFF"),"") -> same | V56: =IF(AND(C56="nodejs",E56="B1c",H56<>"invalid_configuration"),IF(H56=VLOOKUP(SUBSTITUTE(A56,"_B1c_","_B1b_"),$A:$H,8,FALSE),"same","DIFF"),"") | W56: =IF(D56="A1a",IF(H56=VLOOKUP(SUBSTITUTE(A56,"_A1a_","_A1b_"),$A:$H,8,FALSE),"same","DIFF"),"")
A57: npm_A2_B1b_B2a_C1c | B57: 46272.573 | C57: nodejs | D57: A2 | E57: B1b | F57: B2a | G57: C1c | H57: resolution_error | O57: automation_process/central_automated_pipeline/artifact_download/npm_A2_B1b_B2a_C1c | P57: 392d628e1a62a0ac3b0154c32f38e530fc871c0a | Q57: 34118201797 | R57: =C57&"|"&D57&"|"&E57&"|"&F57&"|"&G57 -> nodejs|A2|B1b|B2a|C1c | S57: =IF(H57="malicious_resolved","M",IF(H57="private_resolved","P",IF(H57="resolution_error","E","-"))) -> E | T57: =IF(G57="C1a",IF(H57=VLOOKUP(SUBSTITUTE(A57,"_C1a","_C1c"),$A:$H,8,FALSE),"same","DIFF"),"") | U57: =IF(AND(C57="nodejs",E57="B1b"),IF(H57=VLOOKUP(SUBSTITUTE(A57,"_B1b_","_B1d_"),$A:$H,8,FALSE),"same","DIFF"),"") -> same | V57: =IF(AND(C57="nodejs",E57="B1c",H57<>"invalid_configuration"),IF(H57=VLOOKUP(SUBSTITUTE(A57,"_B1c_","_B1b_"),$A:$H,8,FALSE),"same","DIFF"),"") | W57: =IF(D57="A1a",IF(H57=VLOOKUP(SUBSTITUTE(A57,"_A1a_","_A1b_"),$A:$H,8,FALSE),"same","DIFF"),"")
A58: npm_A2_B1b_B2b_C1a | B58: 46272.573 | C58: nodejs | D58: A2 | E58: B1b | F58: B2b | G58: C1a | H58: malicious_resolved | I58: xueting-thesis-event-jianding | J58: 103 | K58: https://registry.npmjs.org/xueting-thesis-event-jianding/-/xueting-thesis-event-jianding-1.0.3.tgz | L58: xueting-thesis-service-fasong | M58: 103 | N58: https://registry.npmjs.org/xueting-thesis-service-fasong/-/xueting-thesis-service-fasong-1.0.3.tgz | O58: automation_process/central_automated_pipeline/artifact_download/npm_A2_B1b_B2b_C1a | P58: 392d628e1a62a0ac3b0154c32f38e530fc871c0a | Q58: 34118257735 | R58: =C58&"|"&D58&"|"&E58&"|"&F58&"|"&G58 -> nodejs|A2|B1b|B2b|C1a | S58: =IF(H58="malicious_resolved","M",IF(H58="private_resolved","P",IF(H58="resolution_error","E","-"))) -> M | T58: =IF(G58="C1a",IF(H58=VLOOKUP(SUBSTITUTE(A58,"_C1a","_C1c"),$A:$H,8,FALSE),"same","DIFF"),"") -> same | U58: =IF(AND(C58="nodejs",E58="B1b"),IF(H58=VLOOKUP(SUBSTITUTE(A58,"_B1b_","_B1d_"),$A:$H,8,FALSE),"same","DIFF"),"") -> same | V58: =IF(AND(C58="nodejs",E58="B1c",H58<>"invalid_configuration"),IF(H58=VLOOKUP(SUBSTITUTE(A58,"_B1c_","_B1b_"),$A:$H,8,FALSE),"same","DIFF"),"") | W58: =IF(D58="A1a",IF(H58=VLOOKUP(SUBSTITUTE(A58,"_A1a_","_A1b_"),$A:$H,8,FALSE),"same","DIFF"),"")
A59: npm_A2_B1b_B2b_C1c | B59: 46272.574 | C59: nodejs | D59: A2 | E59: B1b | F59: B2b | G59: C1c | H59: malicious_resolved | I59: xueting-thesis-event-jianding | J59: 103 | K59: https://registry.npmjs.org/xueting-thesis-event-jianding/-/xueting-thesis-event-jianding-1.0.3.tgz | L59: xueting-thesis-service-fasong | M59: 103 | N59: https://registry.npmjs.org/xueting-thesis-service-fasong/-/xueting-thesis-service-fasong-1.0.3.tgz | O59: automation_process/central_automated_pipeline/artifact_download/npm_A2_B1b_B2b_C1c | P59: 392d628e1a62a0ac3b0154c32f38e530fc871c0a | Q59: 34118356779 | R59: =C59&"|"&D59&"|"&E59&"|"&F59&"|"&G59 -> nodejs|A2|B1b|B2b|C1c | S59: =IF(H59="malicious_resolved","M",IF(H59="private_resolved","P",IF(H59="resolution_error","E","-"))) -> M | T59: =IF(G59="C1a",IF(H59=VLOOKUP(SUBSTITUTE(A59,"_C1a","_C1c"),$A:$H,8,FALSE),"same","DIFF"),"") | U59: =IF(AND(C59="nodejs",E59="B1b"),IF(H59=VLOOKUP(SUBSTITUTE(A59,"_B1b_","_B1d_"),$A:$H,8,FALSE),"same","DIFF"),"") -> same | V59: =IF(AND(C59="nodejs",E59="B1c",H59<>"invalid_configuration"),IF(H59=VLOOKUP(SUBSTITUTE(A59,"_B1c_","_B1b_"),$A:$H,8,FALSE),"same","DIFF"),"") | W59: =IF(D59="A1a",IF(H59=VLOOKUP(SUBSTITUTE(A59,"_A1a_","_A1b_"),$A:$H,8,FALSE),"same","DIFF"),"")
A60: npm_A2_B1b_B2c_C1a | B60: 46272.575 | C60: nodejs | D60: A2 | E60: B1b | F60: B2c | G60: C1a | H60: malicious_resolved | I60: xueting-thesis-event-jianding | J60: 103 | K60: https://registry.npmjs.org/xueting-thesis-event-jianding/-/xueting-thesis-event-jianding-1.0.3.tgz | L60: xueting-thesis-service-fasong | M60: 103 | N60: https://registry.npmjs.org/xueting-thesis-service-fasong/-/xueting-thesis-service-fasong-1.0.3.tgz | O60: automation_process/central_automated_pipeline/artifact_download/npm_A2_B1b_B2c_C1a | P60: 392d628e1a62a0ac3b0154c32f38e530fc871c0a | Q60: 34118404806 | R60: =C60&"|"&D60&"|"&E60&"|"&F60&"|"&G60 -> nodejs|A2|B1b|B2c|C1a | S60: =IF(H60="malicious_resolved","M",IF(H60="private_resolved","P",IF(H60="resolution_error","E","-"))) -> M | T60: =IF(G60="C1a",IF(H60=VLOOKUP(SUBSTITUTE(A60,"_C1a","_C1c"),$A:$H,8,FALSE),"same","DIFF"),"") -> same | U60: =IF(AND(C60="nodejs",E60="B1b"),IF(H60=VLOOKUP(SUBSTITUTE(A60,"_B1b_","_B1d_"),$A:$H,8,FALSE),"same","DIFF"),"") -> same | V60: =IF(AND(C60="nodejs",E60="B1c",H60<>"invalid_configuration"),IF(H60=VLOOKUP(SUBSTITUTE(A60,"_B1c_","_B1b_"),$A:$H,8,FALSE),"same","DIFF"),"") | W60: =IF(D60="A1a",IF(H60=VLOOKUP(SUBSTITUTE(A60,"_A1a_","_A1b_"),$A:$H,8,FALSE),"same","DIFF"),"")
A61: npm_A2_B1b_B2c_C1c | B61: 46272.576 | C61: nodejs | D61: A2 | E61: B1b | F61: B2c | G61: C1c | H61: malicious_resolved | I61: xueting-thesis-event-jianding | J61: 103 | K61: https://registry.npmjs.org/xueting-thesis-event-jianding/-/xueting-thesis-event-jianding-1.0.3.tgz | L61: xueting-thesis-service-fasong | M61: 103 | N61: https://registry.npmjs.org/xueting-thesis-service-fasong/-/xueting-thesis-service-fasong-1.0.3.tgz | O61: automation_process/central_automated_pipeline/artifact_download/npm_A2_B1b_B2c_C1c | P61: 392d628e1a62a0ac3b0154c32f38e530fc871c0a | Q61: 34118508506 | R61: =C61&"|"&D61&"|"&E61&"|"&F61&"|"&G61 -> nodejs|A2|B1b|B2c|C1c | S61: =IF(H61="malicious_resolved","M",IF(H61="private_resolved","P",IF(H61="resolution_error","E","-"))) -> M | T61: =IF(G61="C1a",IF(H61=VLOOKUP(SUBSTITUTE(A61,"_C1a","_C1c"),$A:$H,8,FALSE),"same","DIFF"),"") | U61: =IF(AND(C61="nodejs",E61="B1b"),IF(H61=VLOOKUP(SUBSTITUTE(A61,"_B1b_","_B1d_"),$A:$H,8,FALSE),"same","DIFF"),"") -> same | V61: =IF(AND(C61="nodejs",E61="B1c",H61<>"invalid_configuration"),IF(H61=VLOOKUP(SUBSTITUTE(A61,"_B1c_","_B1b_"),$A:$H,8,FALSE),"same","DIFF"),"") | W61: =IF(D61="A1a",IF(H61=VLOOKUP(SUBSTITUTE(A61,"_A1a_","_A1b_"),$A:$H,8,FALSE),"same","DIFF"),"")
A62: npm_A2_B1c_B2a_C1a | B62: 46272.576 | C62: nodejs | D62: A2 | E62: B1c | F62: B2a | G62: C1a | H62: resolution_error | O62: automation_process/central_automated_pipeline/artifact_download/npm_A2_B1c_B2a_C1a | P62: 392d628e1a62a0ac3b0154c32f38e530fc871c0a | Q62: 34118562775 | R62: =C62&"|"&D62&"|"&E62&"|"&F62&"|"&G62 -> nodejs|A2|B1c|B2a|C1a | S62: =IF(H62="malicious_resolved","M",IF(H62="private_resolved","P",IF(H62="resolution_error","E","-"))) -> E | T62: =IF(G62="C1a",IF(H62=VLOOKUP(SUBSTITUTE(A62,"_C1a","_C1c"),$A:$H,8,FALSE),"same","DIFF"),"") -> same | U62: =IF(AND(C62="nodejs",E62="B1b"),IF(H62=VLOOKUP(SUBSTITUTE(A62,"_B1b_","_B1d_"),$A:$H,8,FALSE),"same","DIFF"),"") | V62: =IF(AND(C62="nodejs",E62="B1c",H62<>"invalid_configuration"),IF(H62=VLOOKUP(SUBSTITUTE(A62,"_B1c_","_B1b_"),$A:$H,8,FALSE),"same","DIFF"),"") -> same | W62: =IF(D62="A1a",IF(H62=VLOOKUP(SUBSTITUTE(A62,"_A1a_","_A1b_"),$A:$H,8,FALSE),"same","DIFF"),"")
A63: npm_A2_B1c_B2a_C1c | B63: 46272.577 | C63: nodejs | D63: A2 | E63: B1c | F63: B2a | G63: C1c | H63: resolution_error | O63: automation_process/central_automated_pipeline/artifact_download/npm_A2_B1c_B2a_C1c | P63: 392d628e1a62a0ac3b0154c32f38e530fc871c0a | Q63: 34118662913 | R63: =C63&"|"&D63&"|"&E63&"|"&F63&"|"&G63 -> nodejs|A2|B1c|B2a|C1c | S63: =IF(H63="malicious_resolved","M",IF(H63="private_resolved","P",IF(H63="resolution_error","E","-"))) -> E | T63: =IF(G63="C1a",IF(H63=VLOOKUP(SUBSTITUTE(A63,"_C1a","_C1c"),$A:$H,8,FALSE),"same","DIFF"),"") | U63: =IF(AND(C63="nodejs",E63="B1b"),IF(H63=VLOOKUP(SUBSTITUTE(A63,"_B1b_","_B1d_"),$A:$H,8,FALSE),"same","DIFF"),"") | V63: =IF(AND(C63="nodejs",E63="B1c",H63<>"invalid_configuration"),IF(H63=VLOOKUP(SUBSTITUTE(A63,"_B1c_","_B1b_"),$A:$H,8,FALSE),"same","DIFF"),"") -> same | W63: =IF(D63="A1a",IF(H63=VLOOKUP(SUBSTITUTE(A63,"_A1a_","_A1b_"),$A:$H,8,FALSE),"same","DIFF"),"")
A64: npm_A2_B1c_B2b_C1a | B64: 46272.577 | C64: nodejs | D64: A2 | E64: B1c | F64: B2b | G64: C1a | H64: malicious_resolved | I64: xueting-thesis-event-jianding | J64: 103 | K64: http://host.docker.internal:8081/repository/npm-public-proxy/xueting-thesis-event-jianding/-/xueting-thesis-event-jianding-1.0.3.tgz | L64: xueting-thesis-service-fasong | M64: 103 | N64: http://host.docker.internal:8081/repository/npm-public-proxy/xueting-thesis-service-fasong/-/xueting-thesis-service-fasong-1.0.3.tgz | O64: automation_process/central_automated_pipeline/artifact_download/npm_A2_B1c_B2b_C1a | P64: 392d628e1a62a0ac3b0154c32f38e530fc871c0a | Q64: 34118718562 | R64: =C64&"|"&D64&"|"&E64&"|"&F64&"|"&G64 -> nodejs|A2|B1c|B2b|C1a | S64: =IF(H64="malicious_resolved","M",IF(H64="private_resolved","P",IF(H64="resolution_error","E","-"))) -> M | T64: =IF(G64="C1a",IF(H64=VLOOKUP(SUBSTITUTE(A64,"_C1a","_C1c"),$A:$H,8,FALSE),"same","DIFF"),"") -> same | U64: =IF(AND(C64="nodejs",E64="B1b"),IF(H64=VLOOKUP(SUBSTITUTE(A64,"_B1b_","_B1d_"),$A:$H,8,FALSE),"same","DIFF"),"") | V64: =IF(AND(C64="nodejs",E64="B1c",H64<>"invalid_configuration"),IF(H64=VLOOKUP(SUBSTITUTE(A64,"_B1c_","_B1b_"),$A:$H,8,FALSE),"same","DIFF"),"") -> same | W64: =IF(D64="A1a",IF(H64=VLOOKUP(SUBSTITUTE(A64,"_A1a_","_A1b_"),$A:$H,8,FALSE),"same","DIFF"),"")
A65: npm_A2_B1c_B2b_C1c | B65: 46272.578 | C65: nodejs | D65: A2 | E65: B1c | F65: B2b | G65: C1c | H65: malicious_resolved | I65: xueting-thesis-event-jianding | J65: 103 | K65: http://host.docker.internal:8081/repository/npm-public-proxy/xueting-thesis-event-jianding/-/xueting-thesis-event-jianding-1.0.3.tgz | L65: xueting-thesis-service-fasong | M65: 103 | N65: http://host.docker.internal:8081/repository/npm-public-proxy/xueting-thesis-service-fasong/-/xueting-thesis-service-fasong-1.0.3.tgz | O65: automation_process/central_automated_pipeline/artifact_download/npm_A2_B1c_B2b_C1c | P65: 392d628e1a62a0ac3b0154c32f38e530fc871c0a | Q65: 34118818239 | R65: =C65&"|"&D65&"|"&E65&"|"&F65&"|"&G65 -> nodejs|A2|B1c|B2b|C1c | S65: =IF(H65="malicious_resolved","M",IF(H65="private_resolved","P",IF(H65="resolution_error","E","-"))) -> M | T65: =IF(G65="C1a",IF(H65=VLOOKUP(SUBSTITUTE(A65,"_C1a","_C1c"),$A:$H,8,FALSE),"same","DIFF"),"") | U65: =IF(AND(C65="nodejs",E65="B1b"),IF(H65=VLOOKUP(SUBSTITUTE(A65,"_B1b_","_B1d_"),$A:$H,8,FALSE),"same","DIFF"),"") | V65: =IF(AND(C65="nodejs",E65="B1c",H65<>"invalid_configuration"),IF(H65=VLOOKUP(SUBSTITUTE(A65,"_B1c_","_B1b_"),$A:$H,8,FALSE),"same","DIFF"),"") -> same | W65: =IF(D65="A1a",IF(H65=VLOOKUP(SUBSTITUTE(A65,"_A1a_","_A1b_"),$A:$H,8,FALSE),"same","DIFF"),"")
A66: npm_A2_B1c_B2c_C1a | B66: 46272.578 | C66: nodejs | D66: A2 | E66: B1c | F66: B2c | G66: C1a | H66: malicious_resolved | I66: xueting-thesis-event-jianding | J66: 103 | K66: http://host.docker.internal:8081/repository/npm-public-proxy/xueting-thesis-event-jianding/-/xueting-thesis-event-jianding-1.0.3.tgz | L66: xueting-thesis-service-fasong | M66: 103 | N66: http://host.docker.internal:8081/repository/npm-public-proxy/xueting-thesis-service-fasong/-/xueting-thesis-service-fasong-1.0.3.tgz | O66: automation_process/central_automated_pipeline/artifact_download/npm_A2_B1c_B2c_C1a | P66: 392d628e1a62a0ac3b0154c32f38e530fc871c0a | Q66: 34118867960 | R66: =C66&"|"&D66&"|"&E66&"|"&F66&"|"&G66 -> nodejs|A2|B1c|B2c|C1a | S66: =IF(H66="malicious_resolved","M",IF(H66="private_resolved","P",IF(H66="resolution_error","E","-"))) -> M | T66: =IF(G66="C1a",IF(H66=VLOOKUP(SUBSTITUTE(A66,"_C1a","_C1c"),$A:$H,8,FALSE),"same","DIFF"),"") -> same | U66: =IF(AND(C66="nodejs",E66="B1b"),IF(H66=VLOOKUP(SUBSTITUTE(A66,"_B1b_","_B1d_"),$A:$H,8,FALSE),"same","DIFF"),"") | V66: =IF(AND(C66="nodejs",E66="B1c",H66<>"invalid_configuration"),IF(H66=VLOOKUP(SUBSTITUTE(A66,"_B1c_","_B1b_"),$A:$H,8,FALSE),"same","DIFF"),"") -> same | W66: =IF(D66="A1a",IF(H66=VLOOKUP(SUBSTITUTE(A66,"_A1a_","_A1b_"),$A:$H,8,FALSE),"same","DIFF"),"")
A67: npm_A2_B1c_B2c_C1c | B67: 46272.579 | C67: nodejs | D67: A2 | E67: B1c | F67: B2c | G67: C1c | H67: malicious_resolved | I67: xueting-thesis-event-jianding | J67: 103 | K67: http://host.docker.internal:8081/repository/npm-public-proxy/xueting-thesis-event-jianding/-/xueting-thesis-event-jianding-1.0.3.tgz | L67: xueting-thesis-service-fasong | M67: 103 | N67: http://host.docker.internal:8081/repository/npm-public-proxy/xueting-thesis-service-fasong/-/xueting-thesis-service-fasong-1.0.3.tgz | O67: automation_process/central_automated_pipeline/artifact_download/npm_A2_B1c_B2c_C1c | P67: 392d628e1a62a0ac3b0154c32f38e530fc871c0a | Q67: 34118960446 | R67: =C67&"|"&D67&"|"&E67&"|"&F67&"|"&G67 -> nodejs|A2|B1c|B2c|C1c | S67: =IF(H67="malicious_resolved","M",IF(H67="private_resolved","P",IF(H67="resolution_error","E","-"))) -> M | T67: =IF(G67="C1a",IF(H67=VLOOKUP(SUBSTITUTE(A67,"_C1a","_C1c"),$A:$H,8,FALSE),"same","DIFF"),"") | U67: =IF(AND(C67="nodejs",E67="B1b"),IF(H67=VLOOKUP(SUBSTITUTE(A67,"_B1b_","_B1d_"),$A:$H,8,FALSE),"same","DIFF"),"") | V67: =IF(AND(C67="nodejs",E67="B1c",H67<>"invalid_configuration"),IF(H67=VLOOKUP(SUBSTITUTE(A67,"_B1c_","_B1b_"),$A:$H,8,FALSE),"same","DIFF"),"") -> same | W67: =IF(D67="A1a",IF(H67=VLOOKUP(SUBSTITUTE(A67,"_A1a_","_A1b_"),$A:$H,8,FALSE),"same","DIFF"),"")
A68: npm_A2_B1d_B2a_C1a | B68: 46272.58 | C68: nodejs | D68: A2 | E68: B1d | F68: B2a | G68: C1a | H68: resolution_error | O68: automation_process/central_automated_pipeline/artifact_download/npm_A2_B1d_B2a_C1a | P68: 392d628e1a62a0ac3b0154c32f38e530fc871c0a | Q68: 34119014127 | R68: =C68&"|"&D68&"|"&E68&"|"&F68&"|"&G68 -> nodejs|A2|B1d|B2a|C1a | S68: =IF(H68="malicious_resolved","M",IF(H68="private_resolved","P",IF(H68="resolution_error","E","-"))) -> E | T68: =IF(G68="C1a",IF(H68=VLOOKUP(SUBSTITUTE(A68,"_C1a","_C1c"),$A:$H,8,FALSE),"same","DIFF"),"") -> same | U68: =IF(AND(C68="nodejs",E68="B1b"),IF(H68=VLOOKUP(SUBSTITUTE(A68,"_B1b_","_B1d_"),$A:$H,8,FALSE),"same","DIFF"),"") | V68: =IF(AND(C68="nodejs",E68="B1c",H68<>"invalid_configuration"),IF(H68=VLOOKUP(SUBSTITUTE(A68,"_B1c_","_B1b_"),$A:$H,8,FALSE),"same","DIFF"),"") | W68: =IF(D68="A1a",IF(H68=VLOOKUP(SUBSTITUTE(A68,"_A1a_","_A1b_"),$A:$H,8,FALSE),"same","DIFF"),"")
A69: npm_A2_B1d_B2a_C1c | B69: 46272.58 | C69: nodejs | D69: A2 | E69: B1d | F69: B2a | G69: C1c | H69: resolution_error | O69: automation_process/central_automated_pipeline/artifact_download/npm_A2_B1d_B2a_C1c | P69: 392d628e1a62a0ac3b0154c32f38e530fc871c0a | Q69: 34119113739 | R69: =C69&"|"&D69&"|"&E69&"|"&F69&"|"&G69 -> nodejs|A2|B1d|B2a|C1c | S69: =IF(H69="malicious_resolved","M",IF(H69="private_resolved","P",IF(H69="resolution_error","E","-"))) -> E | T69: =IF(G69="C1a",IF(H69=VLOOKUP(SUBSTITUTE(A69,"_C1a","_C1c"),$A:$H,8,FALSE),"same","DIFF"),"") | U69: =IF(AND(C69="nodejs",E69="B1b"),IF(H69=VLOOKUP(SUBSTITUTE(A69,"_B1b_","_B1d_"),$A:$H,8,FALSE),"same","DIFF"),"") | V69: =IF(AND(C69="nodejs",E69="B1c",H69<>"invalid_configuration"),IF(H69=VLOOKUP(SUBSTITUTE(A69,"_B1c_","_B1b_"),$A:$H,8,FALSE),"same","DIFF"),"") | W69: =IF(D69="A1a",IF(H69=VLOOKUP(SUBSTITUTE(A69,"_A1a_","_A1b_"),$A:$H,8,FALSE),"same","DIFF"),"")
A70: npm_A2_B1d_B2b_C1a | B70: 46272.581 | C70: nodejs | D70: A2 | E70: B1d | F70: B2b | G70: C1a | H70: malicious_resolved | I70: xueting-thesis-event-jianding | J70: 103 | K70: https://registry.npmjs.org/xueting-thesis-event-jianding/-/xueting-thesis-event-jianding-1.0.3.tgz | L70: xueting-thesis-service-fasong | M70: 103 | N70: https://registry.npmjs.org/xueting-thesis-service-fasong/-/xueting-thesis-service-fasong-1.0.3.tgz | O70: automation_process/central_automated_pipeline/artifact_download/npm_A2_B1d_B2b_C1a | P70: 392d628e1a62a0ac3b0154c32f38e530fc871c0a | Q70: 34119161569 | R70: =C70&"|"&D70&"|"&E70&"|"&F70&"|"&G70 -> nodejs|A2|B1d|B2b|C1a | S70: =IF(H70="malicious_resolved","M",IF(H70="private_resolved","P",IF(H70="resolution_error","E","-"))) -> M | T70: =IF(G70="C1a",IF(H70=VLOOKUP(SUBSTITUTE(A70,"_C1a","_C1c"),$A:$H,8,FALSE),"same","DIFF"),"") -> same | U70: =IF(AND(C70="nodejs",E70="B1b"),IF(H70=VLOOKUP(SUBSTITUTE(A70,"_B1b_","_B1d_"),$A:$H,8,FALSE),"same","DIFF"),"") | V70: =IF(AND(C70="nodejs",E70="B1c",H70<>"invalid_configuration"),IF(H70=VLOOKUP(SUBSTITUTE(A70,"_B1c_","_B1b_"),$A:$H,8,FALSE),"same","DIFF"),"") | W70: =IF(D70="A1a",IF(H70=VLOOKUP(SUBSTITUTE(A70,"_A1a_","_A1b_"),$A:$H,8,FALSE),"same","DIFF"),"")
A71: npm_A2_B1d_B2b_C1c | B71: 46272.582 | C71: nodejs | D71: A2 | E71: B1d | F71: B2b | G71: C1c | H71: malicious_resolved | I71: xueting-thesis-event-jianding | J71: 103 | K71: https://registry.npmjs.org/xueting-thesis-event-jianding/-/xueting-thesis-event-jianding-1.0.3.tgz | L71: xueting-thesis-service-fasong | M71: 103 | N71: https://registry.npmjs.org/xueting-thesis-service-fasong/-/xueting-thesis-service-fasong-1.0.3.tgz | O71: automation_process/central_automated_pipeline/artifact_download/npm_A2_B1d_B2b_C1c | P71: 392d628e1a62a0ac3b0154c32f38e530fc871c0a | Q71: 34119259971 | R71: =C71&"|"&D71&"|"&E71&"|"&F71&"|"&G71 -> nodejs|A2|B1d|B2b|C1c | S71: =IF(H71="malicious_resolved","M",IF(H71="private_resolved","P",IF(H71="resolution_error","E","-"))) -> M | T71: =IF(G71="C1a",IF(H71=VLOOKUP(SUBSTITUTE(A71,"_C1a","_C1c"),$A:$H,8,FALSE),"same","DIFF"),"") | U71: =IF(AND(C71="nodejs",E71="B1b"),IF(H71=VLOOKUP(SUBSTITUTE(A71,"_B1b_","_B1d_"),$A:$H,8,FALSE),"same","DIFF"),"") | V71: =IF(AND(C71="nodejs",E71="B1c",H71<>"invalid_configuration"),IF(H71=VLOOKUP(SUBSTITUTE(A71,"_B1c_","_B1b_"),$A:$H,8,FALSE),"same","DIFF"),"") | W71: =IF(D71="A1a",IF(H71=VLOOKUP(SUBSTITUTE(A71,"_A1a_","_A1b_"),$A:$H,8,FALSE),"same","DIFF"),"")
A72: npm_A2_B1d_B2c_C1a | B72: 46272.582 | C72: nodejs | D72: A2 | E72: B1d | F72: B2c | G72: C1a | H72: malicious_resolved | I72: xueting-thesis-event-jianding | J72: 103 | K72: https://registry.npmjs.org/xueting-thesis-event-jianding/-/xueting-thesis-event-jianding-1.0.3.tgz | L72: xueting-thesis-service-fasong | M72: 103 | N72: https://registry.npmjs.org/xueting-thesis-service-fasong/-/xueting-thesis-service-fasong-1.0.3.tgz | O72: automation_process/central_automated_pipeline/artifact_download/npm_A2_B1d_B2c_C1a | P72: 392d628e1a62a0ac3b0154c32f38e530fc871c0a | Q72: 34119312950 | R72: =C72&"|"&D72&"|"&E72&"|"&F72&"|"&G72 -> nodejs|A2|B1d|B2c|C1a | S72: =IF(H72="malicious_resolved","M",IF(H72="private_resolved","P",IF(H72="resolution_error","E","-"))) -> M | T72: =IF(G72="C1a",IF(H72=VLOOKUP(SUBSTITUTE(A72,"_C1a","_C1c"),$A:$H,8,FALSE),"same","DIFF"),"") -> same | U72: =IF(AND(C72="nodejs",E72="B1b"),IF(H72=VLOOKUP(SUBSTITUTE(A72,"_B1b_","_B1d_"),$A:$H,8,FALSE),"same","DIFF"),"") | V72: =IF(AND(C72="nodejs",E72="B1c",H72<>"invalid_configuration"),IF(H72=VLOOKUP(SUBSTITUTE(A72,"_B1c_","_B1b_"),$A:$H,8,FALSE),"same","DIFF"),"") | W72: =IF(D72="A1a",IF(H72=VLOOKUP(SUBSTITUTE(A72,"_A1a_","_A1b_"),$A:$H,8,FALSE),"same","DIFF"),"")
A73: npm_A2_B1d_B2c_C1c | B73: 46272.583 | C73: nodejs | D73: A2 | E73: B1d | F73: B2c | G73: C1c | H73: malicious_resolved | I73: xueting-thesis-event-jianding | J73: 103 | K73: https://registry.npmjs.org/xueting-thesis-event-jianding/-/xueting-thesis-event-jianding-1.0.3.tgz | L73: xueting-thesis-service-fasong | M73: 103 | N73: https://registry.npmjs.org/xueting-thesis-service-fasong/-/xueting-thesis-service-fasong-1.0.3.tgz | O73: automation_process/central_automated_pipeline/artifact_download/npm_A2_B1d_B2c_C1c | P73: 392d628e1a62a0ac3b0154c32f38e530fc871c0a | Q73: 34119411234 | R73: =C73&"|"&D73&"|"&E73&"|"&F73&"|"&G73 -> nodejs|A2|B1d|B2c|C1c | S73: =IF(H73="malicious_resolved","M",IF(H73="private_resolved","P",IF(H73="resolution_error","E","-"))) -> M | T73: =IF(G73="C1a",IF(H73=VLOOKUP(SUBSTITUTE(A73,"_C1a","_C1c"),$A:$H,8,FALSE),"same","DIFF"),"") | U73: =IF(AND(C73="nodejs",E73="B1b"),IF(H73=VLOOKUP(SUBSTITUTE(A73,"_B1b_","_B1d_"),$A:$H,8,FALSE),"same","DIFF"),"") | V73: =IF(AND(C73="nodejs",E73="B1c",H73<>"invalid_configuration"),IF(H73=VLOOKUP(SUBSTITUTE(A73,"_B1c_","_B1b_"),$A:$H,8,FALSE),"same","DIFF"),"") | W73: =IF(D73="A1a",IF(H73=VLOOKUP(SUBSTITUTE(A73,"_A1a_","_A1b_"),$A:$H,8,FALSE),"same","DIFF"),"")
A74: npm_A3_B1a_B2a_C1a | B74: 46272.583 | C74: nodejs | D74: A3 | E74: B1a | F74: B2a | G74: C1a | H74: resolution_error | O74: automation_process/central_automated_pipeline/artifact_download/npm_A3_B1a_B2a_C1a | P74: 392d628e1a62a0ac3b0154c32f38e530fc871c0a | Q74: 34119463864 | R74: =C74&"|"&D74&"|"&E74&"|"&F74&"|"&G74 -> nodejs|A3|B1a|B2a|C1a | S74: =IF(H74="malicious_resolved","M",IF(H74="private_resolved","P",IF(H74="resolution_error","E","-"))) -> E | T74: =IF(G74="C1a",IF(H74=VLOOKUP(SUBSTITUTE(A74,"_C1a","_C1c"),$A:$H,8,FALSE),"same","DIFF"),"") -> same | U74: =IF(AND(C74="nodejs",E74="B1b"),IF(H74=VLOOKUP(SUBSTITUTE(A74,"_B1b_","_B1d_"),$A:$H,8,FALSE),"same","DIFF"),"") | V74: =IF(AND(C74="nodejs",E74="B1c",H74<>"invalid_configuration"),IF(H74=VLOOKUP(SUBSTITUTE(A74,"_B1c_","_B1b_"),$A:$H,8,FALSE),"same","DIFF"),"") | W74: =IF(D74="A1a",IF(H74=VLOOKUP(SUBSTITUTE(A74,"_A1a_","_A1b_"),$A:$H,8,FALSE),"same","DIFF"),"")
A75: npm_A3_B1a_B2a_C1c | B75: 46272.584 | C75: nodejs | D75: A3 | E75: B1a | F75: B2a | G75: C1c | H75: resolution_error | O75: automation_process/central_automated_pipeline/artifact_download/npm_A3_B1a_B2a_C1c | P75: 392d628e1a62a0ac3b0154c32f38e530fc871c0a | Q75: 34119568144 | R75: =C75&"|"&D75&"|"&E75&"|"&F75&"|"&G75 -> nodejs|A3|B1a|B2a|C1c | S75: =IF(H75="malicious_resolved","M",IF(H75="private_resolved","P",IF(H75="resolution_error","E","-"))) -> E | T75: =IF(G75="C1a",IF(H75=VLOOKUP(SUBSTITUTE(A75,"_C1a","_C1c"),$A:$H,8,FALSE),"same","DIFF"),"") | U75: =IF(AND(C75="nodejs",E75="B1b"),IF(H75=VLOOKUP(SUBSTITUTE(A75,"_B1b_","_B1d_"),$A:$H,8,FALSE),"same","DIFF"),"") | V75: =IF(AND(C75="nodejs",E75="B1c",H75<>"invalid_configuration"),IF(H75=VLOOKUP(SUBSTITUTE(A75,"_B1c_","_B1b_"),$A:$H,8,FALSE),"same","DIFF"),"") | W75: =IF(D75="A1a",IF(H75=VLOOKUP(SUBSTITUTE(A75,"_A1a_","_A1b_"),$A:$H,8,FALSE),"same","DIFF"),"")
A76: npm_A3_B1a_B2b_C1a | B76: 46272.585 | C76: nodejs | D76: A3 | E76: B1a | F76: B2b | G76: C1a | H76: resolution_error | O76: automation_process/central_automated_pipeline/artifact_download/npm_A3_B1a_B2b_C1a | P76: 392d628e1a62a0ac3b0154c32f38e530fc871c0a | Q76: 34119622186 | R76: =C76&"|"&D76&"|"&E76&"|"&F76&"|"&G76 -> nodejs|A3|B1a|B2b|C1a | S76: =IF(H76="malicious_resolved","M",IF(H76="private_resolved","P",IF(H76="resolution_error","E","-"))) -> E | T76: =IF(G76="C1a",IF(H76=VLOOKUP(SUBSTITUTE(A76,"_C1a","_C1c"),$A:$H,8,FALSE),"same","DIFF"),"") -> same | U76: =IF(AND(C76="nodejs",E76="B1b"),IF(H76=VLOOKUP(SUBSTITUTE(A76,"_B1b_","_B1d_"),$A:$H,8,FALSE),"same","DIFF"),"") | V76: =IF(AND(C76="nodejs",E76="B1c",H76<>"invalid_configuration"),IF(H76=VLOOKUP(SUBSTITUTE(A76,"_B1c_","_B1b_"),$A:$H,8,FALSE),"same","DIFF"),"") | W76: =IF(D76="A1a",IF(H76=VLOOKUP(SUBSTITUTE(A76,"_A1a_","_A1b_"),$A:$H,8,FALSE),"same","DIFF"),"")
A77: npm_A3_B1a_B2b_C1c | B77: 46272.585 | C77: nodejs | D77: A3 | E77: B1a | F77: B2b | G77: C1c | H77: resolution_error | O77: automation_process/central_automated_pipeline/artifact_download/npm_A3_B1a_B2b_C1c | P77: 392d628e1a62a0ac3b0154c32f38e530fc871c0a | Q77: 34119725097 | R77: =C77&"|"&D77&"|"&E77&"|"&F77&"|"&G77 -> nodejs|A3|B1a|B2b|C1c | S77: =IF(H77="malicious_resolved","M",IF(H77="private_resolved","P",IF(H77="resolution_error","E","-"))) -> E | T77: =IF(G77="C1a",IF(H77=VLOOKUP(SUBSTITUTE(A77,"_C1a","_C1c"),$A:$H,8,FALSE),"same","DIFF"),"") | U77: =IF(AND(C77="nodejs",E77="B1b"),IF(H77=VLOOKUP(SUBSTITUTE(A77,"_B1b_","_B1d_"),$A:$H,8,FALSE),"same","DIFF"),"") | V77: =IF(AND(C77="nodejs",E77="B1c",H77<>"invalid_configuration"),IF(H77=VLOOKUP(SUBSTITUTE(A77,"_B1c_","_B1b_"),$A:$H,8,FALSE),"same","DIFF"),"") | W77: =IF(D77="A1a",IF(H77=VLOOKUP(SUBSTITUTE(A77,"_A1a_","_A1b_"),$A:$H,8,FALSE),"same","DIFF"),"")
A78: npm_A3_B1a_B2c_C1a | B78: 46272.586 | C78: nodejs | D78: A3 | E78: B1a | F78: B2c | G78: C1a | H78: resolution_error | O78: automation_process/central_automated_pipeline/artifact_download/npm_A3_B1a_B2c_C1a | P78: 392d628e1a62a0ac3b0154c32f38e530fc871c0a | Q78: 34119775392 | R78: =C78&"|"&D78&"|"&E78&"|"&F78&"|"&G78 -> nodejs|A3|B1a|B2c|C1a | S78: =IF(H78="malicious_resolved","M",IF(H78="private_resolved","P",IF(H78="resolution_error","E","-"))) -> E | T78: =IF(G78="C1a",IF(H78=VLOOKUP(SUBSTITUTE(A78,"_C1a","_C1c"),$A:$H,8,FALSE),"same","DIFF"),"") -> same | U78: =IF(AND(C78="nodejs",E78="B1b"),IF(H78=VLOOKUP(SUBSTITUTE(A78,"_B1b_","_B1d_"),$A:$H,8,FALSE),"same","DIFF"),"") | V78: =IF(AND(C78="nodejs",E78="B1c",H78<>"invalid_configuration"),IF(H78=VLOOKUP(SUBSTITUTE(A78,"_B1c_","_B1b_"),$A:$H,8,FALSE),"same","DIFF"),"") | W78: =IF(D78="A1a",IF(H78=VLOOKUP(SUBSTITUTE(A78,"_A1a_","_A1b_"),$A:$H,8,FALSE),"same","DIFF"),"")
A79: npm_A3_B1a_B2c_C1c | B79: 46272.587 | C79: nodejs | D79: A3 | E79: B1a | F79: B2c | G79: C1c | H79: resolution_error | O79: automation_process/central_automated_pipeline/artifact_download/npm_A3_B1a_B2c_C1c | P79: 392d628e1a62a0ac3b0154c32f38e530fc871c0a | Q79: 34119873134 | R79: =C79&"|"&D79&"|"&E79&"|"&F79&"|"&G79 -> nodejs|A3|B1a|B2c|C1c | S79: =IF(H79="malicious_resolved","M",IF(H79="private_resolved","P",IF(H79="resolution_error","E","-"))) -> E | T79: =IF(G79="C1a",IF(H79=VLOOKUP(SUBSTITUTE(A79,"_C1a","_C1c"),$A:$H,8,FALSE),"same","DIFF"),"") | U79: =IF(AND(C79="nodejs",E79="B1b"),IF(H79=VLOOKUP(SUBSTITUTE(A79,"_B1b_","_B1d_"),$A:$H,8,FALSE),"same","DIFF"),"") | V79: =IF(AND(C79="nodejs",E79="B1c",H79<>"invalid_configuration"),IF(H79=VLOOKUP(SUBSTITUTE(A79,"_B1c_","_B1b_"),$A:$H,8,FALSE),"same","DIFF"),"") | W79: =IF(D79="A1a",IF(H79=VLOOKUP(SUBSTITUTE(A79,"_A1a_","_A1b_"),$A:$H,8,FALSE),"same","DIFF"),"")
A80: npm_A3_B1b_B2a_C1a | B80: 46272.587 | C80: nodejs | D80: A3 | E80: B1b | F80: B2a | G80: C1a | H80: resolution_error | O80: automation_process/central_automated_pipeline/artifact_download/npm_A3_B1b_B2a_C1a | P80: 392d628e1a62a0ac3b0154c32f38e530fc871c0a | Q80: 34119927201 | R80: =C80&"|"&D80&"|"&E80&"|"&F80&"|"&G80 -> nodejs|A3|B1b|B2a|C1a | S80: =IF(H80="malicious_resolved","M",IF(H80="private_resolved","P",IF(H80="resolution_error","E","-"))) -> E | T80: =IF(G80="C1a",IF(H80=VLOOKUP(SUBSTITUTE(A80,"_C1a","_C1c"),$A:$H,8,FALSE),"same","DIFF"),"") -> same | U80: =IF(AND(C80="nodejs",E80="B1b"),IF(H80=VLOOKUP(SUBSTITUTE(A80,"_B1b_","_B1d_"),$A:$H,8,FALSE),"same","DIFF"),"") -> same | V80: =IF(AND(C80="nodejs",E80="B1c",H80<>"invalid_configuration"),IF(H80=VLOOKUP(SUBSTITUTE(A80,"_B1c_","_B1b_"),$A:$H,8,FALSE),"same","DIFF"),"") | W80: =IF(D80="A1a",IF(H80=VLOOKUP(SUBSTITUTE(A80,"_A1a_","_A1b_"),$A:$H,8,FALSE),"same","DIFF"),"")
A81: npm_A3_B1b_B2a_C1c | B81: 46272.588 | C81: nodejs | D81: A3 | E81: B1b | F81: B2a | G81: C1c | H81: resolution_error | O81: automation_process/central_automated_pipeline/artifact_download/npm_A3_B1b_B2a_C1c | P81: 392d628e1a62a0ac3b0154c32f38e530fc871c0a | Q81: 34120032574 | R81: =C81&"|"&D81&"|"&E81&"|"&F81&"|"&G81 -> nodejs|A3|B1b|B2a|C1c | S81: =IF(H81="malicious_resolved","M",IF(H81="private_resolved","P",IF(H81="resolution_error","E","-"))) -> E | T81: =IF(G81="C1a",IF(H81=VLOOKUP(SUBSTITUTE(A81,"_C1a","_C1c"),$A:$H,8,FALSE),"same","DIFF"),"") | U81: =IF(AND(C81="nodejs",E81="B1b"),IF(H81=VLOOKUP(SUBSTITUTE(A81,"_B1b_","_B1d_"),$A:$H,8,FALSE),"same","DIFF"),"") -> same | V81: =IF(AND(C81="nodejs",E81="B1c",H81<>"invalid_configuration"),IF(H81=VLOOKUP(SUBSTITUTE(A81,"_B1c_","_B1b_"),$A:$H,8,FALSE),"same","DIFF"),"") | W81: =IF(D81="A1a",IF(H81=VLOOKUP(SUBSTITUTE(A81,"_A1a_","_A1b_"),$A:$H,8,FALSE),"same","DIFF"),"")
A82: npm_A3_B1b_B2b_C1a | B82: 46272.588 | C82: nodejs | D82: A3 | E82: B1b | F82: B2b | G82: C1a | H82: malicious_resolved | I82: xueting-thesis-event-jianding | J82: 103 | K82: https://registry.npmjs.org/xueting-thesis-event-jianding/-/xueting-thesis-event-jianding-1.0.3.tgz | L82: xueting-thesis-service-fasong | M82: 103 | N82: https://registry.npmjs.org/xueting-thesis-service-fasong/-/xueting-thesis-service-fasong-1.0.3.tgz | O82: automation_process/central_automated_pipeline/artifact_download/npm_A3_B1b_B2b_C1a | P82: 392d628e1a62a0ac3b0154c32f38e530fc871c0a | Q82: 34120080544 | R82: =C82&"|"&D82&"|"&E82&"|"&F82&"|"&G82 -> nodejs|A3|B1b|B2b|C1a | S82: =IF(H82="malicious_resolved","M",IF(H82="private_resolved","P",IF(H82="resolution_error","E","-"))) -> M | T82: =IF(G82="C1a",IF(H82=VLOOKUP(SUBSTITUTE(A82,"_C1a","_C1c"),$A:$H,8,FALSE),"same","DIFF"),"") -> same | U82: =IF(AND(C82="nodejs",E82="B1b"),IF(H82=VLOOKUP(SUBSTITUTE(A82,"_B1b_","_B1d_"),$A:$H,8,FALSE),"same","DIFF"),"") -> same | V82: =IF(AND(C82="nodejs",E82="B1c",H82<>"invalid_configuration"),IF(H82=VLOOKUP(SUBSTITUTE(A82,"_B1c_","_B1b_"),$A:$H,8,FALSE),"same","DIFF"),"") | W82: =IF(D82="A1a",IF(H82=VLOOKUP(SUBSTITUTE(A82,"_A1a_","_A1b_"),$A:$H,8,FALSE),"same","DIFF"),"")
A83: npm_A3_B1b_B2b_C1c | B83: 46272.589 | C83: nodejs | D83: A3 | E83: B1b | F83: B2b | G83: C1c | H83: malicious_resolved | I83: xueting-thesis-event-jianding | J83: 103 | K83: https://registry.npmjs.org/xueting-thesis-event-jianding/-/xueting-thesis-event-jianding-1.0.3.tgz | L83: xueting-thesis-service-fasong | M83: 103 | N83: https://registry.npmjs.org/xueting-thesis-service-fasong/-/xueting-thesis-service-fasong-1.0.3.tgz | O83: automation_process/central_automated_pipeline/artifact_download/npm_A3_B1b_B2b_C1c | P83: 392d628e1a62a0ac3b0154c32f38e530fc871c0a | Q83: 34120180209 | R83: =C83&"|"&D83&"|"&E83&"|"&F83&"|"&G83 -> nodejs|A3|B1b|B2b|C1c | S83: =IF(H83="malicious_resolved","M",IF(H83="private_resolved","P",IF(H83="resolution_error","E","-"))) -> M | T83: =IF(G83="C1a",IF(H83=VLOOKUP(SUBSTITUTE(A83,"_C1a","_C1c"),$A:$H,8,FALSE),"same","DIFF"),"") | U83: =IF(AND(C83="nodejs",E83="B1b"),IF(H83=VLOOKUP(SUBSTITUTE(A83,"_B1b_","_B1d_"),$A:$H,8,FALSE),"same","DIFF"),"") -> same | V83: =IF(AND(C83="nodejs",E83="B1c",H83<>"invalid_configuration"),IF(H83=VLOOKUP(SUBSTITUTE(A83,"_B1c_","_B1b_"),$A:$H,8,FALSE),"same","DIFF"),"") | W83: =IF(D83="A1a",IF(H83=VLOOKUP(SUBSTITUTE(A83,"_A1a_","_A1b_"),$A:$H,8,FALSE),"same","DIFF"),"")
A84: npm_A3_B1b_B2c_C1a | B84: 46272.589 | C84: nodejs | D84: A3 | E84: B1b | F84: B2c | G84: C1a | H84: malicious_resolved | I84: xueting-thesis-event-jianding | J84: 103 | K84: https://registry.npmjs.org/xueting-thesis-event-jianding/-/xueting-thesis-event-jianding-1.0.3.tgz | L84: xueting-thesis-service-fasong | M84: 103 | N84: https://registry.npmjs.org/xueting-thesis-service-fasong/-/xueting-thesis-service-fasong-1.0.3.tgz | O84: automation_process/central_automated_pipeline/artifact_download/npm_A3_B1b_B2c_C1a | P84: 392d628e1a62a0ac3b0154c32f38e530fc871c0a | Q84: 34120239746 | R84: =C84&"|"&D84&"|"&E84&"|"&F84&"|"&G84 -> nodejs|A3|B1b|B2c|C1a | S84: =IF(H84="malicious_resolved","M",IF(H84="private_resolved","P",IF(H84="resolution_error","E","-"))) -> M | T84: =IF(G84="C1a",IF(H84=VLOOKUP(SUBSTITUTE(A84,"_C1a","_C1c"),$A:$H,8,FALSE),"same","DIFF"),"") -> same | U84: =IF(AND(C84="nodejs",E84="B1b"),IF(H84=VLOOKUP(SUBSTITUTE(A84,"_B1b_","_B1d_"),$A:$H,8,FALSE),"same","DIFF"),"") -> same | V84: =IF(AND(C84="nodejs",E84="B1c",H84<>"invalid_configuration"),IF(H84=VLOOKUP(SUBSTITUTE(A84,"_B1c_","_B1b_"),$A:$H,8,FALSE),"same","DIFF"),"") | W84: =IF(D84="A1a",IF(H84=VLOOKUP(SUBSTITUTE(A84,"_A1a_","_A1b_"),$A:$H,8,FALSE),"same","DIFF"),"")
A85: npm_A3_B1b_B2c_C1c | B85: 46272.59 | C85: nodejs | D85: A3 | E85: B1b | F85: B2c | G85: C1c | H85: malicious_resolved | I85: xueting-thesis-event-jianding | J85: 103 | K85: https://registry.npmjs.org/xueting-thesis-event-jianding/-/xueting-thesis-event-jianding-1.0.3.tgz | L85: xueting-thesis-service-fasong | M85: 103 | N85: https://registry.npmjs.org/xueting-thesis-service-fasong/-/xueting-thesis-service-fasong-1.0.3.tgz | O85: automation_process/central_automated_pipeline/artifact_download/npm_A3_B1b_B2c_C1c | P85: 392d628e1a62a0ac3b0154c32f38e530fc871c0a | Q85: 34120345302 | R85: =C85&"|"&D85&"|"&E85&"|"&F85&"|"&G85 -> nodejs|A3|B1b|B2c|C1c | S85: =IF(H85="malicious_resolved","M",IF(H85="private_resolved","P",IF(H85="resolution_error","E","-"))) -> M | T85: =IF(G85="C1a",IF(H85=VLOOKUP(SUBSTITUTE(A85,"_C1a","_C1c"),$A:$H,8,FALSE),"same","DIFF"),"") | U85: =IF(AND(C85="nodejs",E85="B1b"),IF(H85=VLOOKUP(SUBSTITUTE(A85,"_B1b_","_B1d_"),$A:$H,8,FALSE),"same","DIFF"),"") -> same | V85: =IF(AND(C85="nodejs",E85="B1c",H85<>"invalid_configuration"),IF(H85=VLOOKUP(SUBSTITUTE(A85,"_B1c_","_B1b_"),$A:$H,8,FALSE),"same","DIFF"),"") | W85: =IF(D85="A1a",IF(H85=VLOOKUP(SUBSTITUTE(A85,"_A1a_","_A1b_"),$A:$H,8,FALSE),"same","DIFF"),"")
A86: npm_A3_B1d_B2a_C1a | B86: 46272.591 | C86: nodejs | D86: A3 | E86: B1d | F86: B2a | G86: C1a | H86: resolution_error | O86: automation_process/central_automated_pipeline/artifact_download/npm_A3_B1d_B2a_C1a | P86: 392d628e1a62a0ac3b0154c32f38e530fc871c0a | Q86: 34120402886 | R86: =C86&"|"&D86&"|"&E86&"|"&F86&"|"&G86 -> nodejs|A3|B1d|B2a|C1a | S86: =IF(H86="malicious_resolved","M",IF(H86="private_resolved","P",IF(H86="resolution_error","E","-"))) -> E | T86: =IF(G86="C1a",IF(H86=VLOOKUP(SUBSTITUTE(A86,"_C1a","_C1c"),$A:$H,8,FALSE),"same","DIFF"),"") -> same | U86: =IF(AND(C86="nodejs",E86="B1b"),IF(H86=VLOOKUP(SUBSTITUTE(A86,"_B1b_","_B1d_"),$A:$H,8,FALSE),"same","DIFF"),"") | V86: =IF(AND(C86="nodejs",E86="B1c",H86<>"invalid_configuration"),IF(H86=VLOOKUP(SUBSTITUTE(A86,"_B1c_","_B1b_"),$A:$H,8,FALSE),"same","DIFF"),"") | W86: =IF(D86="A1a",IF(H86=VLOOKUP(SUBSTITUTE(A86,"_A1a_","_A1b_"),$A:$H,8,FALSE),"same","DIFF"),"")
A87: npm_A3_B1d_B2a_C1c | B87: 46272.592 | C87: nodejs | D87: A3 | E87: B1d | F87: B2a | G87: C1c | H87: resolution_error | O87: automation_process/central_automated_pipeline/artifact_download/npm_A3_B1d_B2a_C1c | P87: 392d628e1a62a0ac3b0154c32f38e530fc871c0a | Q87: 34120518073 | R87: =C87&"|"&D87&"|"&E87&"|"&F87&"|"&G87 -> nodejs|A3|B1d|B2a|C1c | S87: =IF(H87="malicious_resolved","M",IF(H87="private_resolved","P",IF(H87="resolution_error","E","-"))) -> E | T87: =IF(G87="C1a",IF(H87=VLOOKUP(SUBSTITUTE(A87,"_C1a","_C1c"),$A:$H,8,FALSE),"same","DIFF"),"") | U87: =IF(AND(C87="nodejs",E87="B1b"),IF(H87=VLOOKUP(SUBSTITUTE(A87,"_B1b_","_B1d_"),$A:$H,8,FALSE),"same","DIFF"),"") | V87: =IF(AND(C87="nodejs",E87="B1c",H87<>"invalid_configuration"),IF(H87=VLOOKUP(SUBSTITUTE(A87,"_B1c_","_B1b_"),$A:$H,8,FALSE),"same","DIFF"),"") | W87: =IF(D87="A1a",IF(H87=VLOOKUP(SUBSTITUTE(A87,"_A1a_","_A1b_"),$A:$H,8,FALSE),"same","DIFF"),"")
A88: npm_A3_B1d_B2b_C1a | B88: 46272.592 | C88: nodejs | D88: A3 | E88: B1d | F88: B2b | G88: C1a | H88: malicious_resolved | I88: xueting-thesis-event-jianding | J88: 103 | K88: https://registry.npmjs.org/xueting-thesis-event-jianding/-/xueting-thesis-event-jianding-1.0.3.tgz | L88: xueting-thesis-service-fasong | M88: 103 | N88: https://registry.npmjs.org/xueting-thesis-service-fasong/-/xueting-thesis-service-fasong-1.0.3.tgz | O88: automation_process/central_automated_pipeline/artifact_download/npm_A3_B1d_B2b_C1a | P88: 392d628e1a62a0ac3b0154c32f38e530fc871c0a | Q88: 34120592828 | R88: =C88&"|"&D88&"|"&E88&"|"&F88&"|"&G88 -> nodejs|A3|B1d|B2b|C1a | S88: =IF(H88="malicious_resolved","M",IF(H88="private_resolved","P",IF(H88="resolution_error","E","-"))) -> M | T88: =IF(G88="C1a",IF(H88=VLOOKUP(SUBSTITUTE(A88,"_C1a","_C1c"),$A:$H,8,FALSE),"same","DIFF"),"") -> same | U88: =IF(AND(C88="nodejs",E88="B1b"),IF(H88=VLOOKUP(SUBSTITUTE(A88,"_B1b_","_B1d_"),$A:$H,8,FALSE),"same","DIFF"),"") | V88: =IF(AND(C88="nodejs",E88="B1c",H88<>"invalid_configuration"),IF(H88=VLOOKUP(SUBSTITUTE(A88,"_B1c_","_B1b_"),$A:$H,8,FALSE),"same","DIFF"),"") | W88: =IF(D88="A1a",IF(H88=VLOOKUP(SUBSTITUTE(A88,"_A1a_","_A1b_"),$A:$H,8,FALSE),"same","DIFF"),"")
A89: npm_A3_B1d_B2b_C1c | B89: 46272.593 | C89: nodejs | D89: A3 | E89: B1d | F89: B2b | G89: C1c | H89: malicious_resolved | I89: xueting-thesis-event-jianding | J89: 103 | K89: https://registry.npmjs.org/xueting-thesis-event-jianding/-/xueting-thesis-event-jianding-1.0.3.tgz | L89: xueting-thesis-service-fasong | M89: 103 | N89: https://registry.npmjs.org/xueting-thesis-service-fasong/-/xueting-thesis-service-fasong-1.0.3.tgz | O89: automation_process/central_automated_pipeline/artifact_download/npm_A3_B1d_B2b_C1c | P89: 392d628e1a62a0ac3b0154c32f38e530fc871c0a | Q89: 34120699518 | R89: =C89&"|"&D89&"|"&E89&"|"&F89&"|"&G89 -> nodejs|A3|B1d|B2b|C1c | S89: =IF(H89="malicious_resolved","M",IF(H89="private_resolved","P",IF(H89="resolution_error","E","-"))) -> M | T89: =IF(G89="C1a",IF(H89=VLOOKUP(SUBSTITUTE(A89,"_C1a","_C1c"),$A:$H,8,FALSE),"same","DIFF"),"") | U89: =IF(AND(C89="nodejs",E89="B1b"),IF(H89=VLOOKUP(SUBSTITUTE(A89,"_B1b_","_B1d_"),$A:$H,8,FALSE),"same","DIFF"),"") | V89: =IF(AND(C89="nodejs",E89="B1c",H89<>"invalid_configuration"),IF(H89=VLOOKUP(SUBSTITUTE(A89,"_B1c_","_B1b_"),$A:$H,8,FALSE),"same","DIFF"),"") | W89: =IF(D89="A1a",IF(H89=VLOOKUP(SUBSTITUTE(A89,"_A1a_","_A1b_"),$A:$H,8,FALSE),"same","DIFF"),"")
A90: npm_A3_B1d_B2c_C1a | B90: 46272.593 | C90: nodejs | D90: A3 | E90: B1d | F90: B2c | G90: C1a | H90: malicious_resolved | I90: xueting-thesis-event-jianding | J90: 103 | K90: https://registry.npmjs.org/xueting-thesis-event-jianding/-/xueting-thesis-event-jianding-1.0.3.tgz | L90: xueting-thesis-service-fasong | M90: 103 | N90: https://registry.npmjs.org/xueting-thesis-service-fasong/-/xueting-thesis-service-fasong-1.0.3.tgz | O90: automation_process/central_automated_pipeline/artifact_download/npm_A3_B1d_B2c_C1a | P90: 392d628e1a62a0ac3b0154c32f38e530fc871c0a | Q90: 34120757851 | R90: =C90&"|"&D90&"|"&E90&"|"&F90&"|"&G90 -> nodejs|A3|B1d|B2c|C1a | S90: =IF(H90="malicious_resolved","M",IF(H90="private_resolved","P",IF(H90="resolution_error","E","-"))) -> M | T90: =IF(G90="C1a",IF(H90=VLOOKUP(SUBSTITUTE(A90,"_C1a","_C1c"),$A:$H,8,FALSE),"same","DIFF"),"") -> same | U90: =IF(AND(C90="nodejs",E90="B1b"),IF(H90=VLOOKUP(SUBSTITUTE(A90,"_B1b_","_B1d_"),$A:$H,8,FALSE),"same","DIFF"),"") | V90: =IF(AND(C90="nodejs",E90="B1c",H90<>"invalid_configuration"),IF(H90=VLOOKUP(SUBSTITUTE(A90,"_B1c_","_B1b_"),$A:$H,8,FALSE),"same","DIFF"),"") | W90: =IF(D90="A1a",IF(H90=VLOOKUP(SUBSTITUTE(A90,"_A1a_","_A1b_"),$A:$H,8,FALSE),"same","DIFF"),"")
A91: npm_A3_B1d_B2c_C1c | B91: 46272.594 | C91: nodejs | D91: A3 | E91: B1d | F91: B2c | G91: C1c | H91: malicious_resolved | I91: xueting-thesis-event-jianding | J91: 103 | K91: https://registry.npmjs.org/xueting-thesis-event-jianding/-/xueting-thesis-event-jianding-1.0.3.tgz | L91: xueting-thesis-service-fasong | M91: 103 | N91: https://registry.npmjs.org/xueting-thesis-service-fasong/-/xueting-thesis-service-fasong-1.0.3.tgz | O91: automation_process/central_automated_pipeline/artifact_download/npm_A3_B1d_B2c_C1c | P91: 392d628e1a62a0ac3b0154c32f38e530fc871c0a | Q91: 34120871263 | R91: =C91&"|"&D91&"|"&E91&"|"&F91&"|"&G91 -> nodejs|A3|B1d|B2c|C1c | S91: =IF(H91="malicious_resolved","M",IF(H91="private_resolved","P",IF(H91="resolution_error","E","-"))) -> M | T91: =IF(G91="C1a",IF(H91=VLOOKUP(SUBSTITUTE(A91,"_C1a","_C1c"),$A:$H,8,FALSE),"same","DIFF"),"") | U91: =IF(AND(C91="nodejs",E91="B1b"),IF(H91=VLOOKUP(SUBSTITUTE(A91,"_B1b_","_B1d_"),$A:$H,8,FALSE),"same","DIFF"),"") | V91: =IF(AND(C91="nodejs",E91="B1c",H91<>"invalid_configuration"),IF(H91=VLOOKUP(SUBSTITUTE(A91,"_B1c_","_B1b_"),$A:$H,8,FALSE),"same","DIFF"),"") | W91: =IF(D91="A1a",IF(H91=VLOOKUP(SUBSTITUTE(A91,"_A1a_","_A1b_"),$A:$H,8,FALSE),"same","DIFF"),"")
A92: pip_A1a_B1a_B2a_C1a | B92: 46272.595 | C92: python | D92: A1a | E92: B1a | F92: B2a | G92: C1a | H92: private_resolved | I92: xueting-thesis-event-fengfu | J92: 100 | K92: http://host.docker.internal:8081/repository/pypi-group-public-first/packages/xueting-thesis-event-fengfu/1.0.0/xueting_thesis_event_fengfu-1.0.0-py3-none-any.whl | L92: xueting-thesis-service-zhuanfa | M92: 100 | N92: http://host.docker.internal:8081/repository/pypi-group-public-first/packages/xueting-thesis-service-zhuanfa/1.0.0/xueting_thesis_service_zhuanfa-1.0.0-py3-none-any.whl | O92: automation_process/central_automated_pipeline/artifact_download/pip_A1a_B1a_B2a_C1a | P92: 392d628e1a62a0ac3b0154c32f38e530fc871c0a | Q92: 34120931612 | R92: =C92&"|"&D92&"|"&E92&"|"&F92&"|"&G92 -> python|A1a|B1a|B2a|C1a | S92: =IF(H92="malicious_resolved","M",IF(H92="private_resolved","P",IF(H92="resolution_error","E","-"))) -> P | T92: =IF(G92="C1a",IF(H92=VLOOKUP(SUBSTITUTE(A92,"_C1a","_C1c"),$A:$H,8,FALSE),"same","DIFF"),"") -> same | U92: =IF(AND(C92="nodejs",E92="B1b"),IF(H92=VLOOKUP(SUBSTITUTE(A92,"_B1b_","_B1d_"),$A:$H,8,FALSE),"same","DIFF"),"") | V92: =IF(AND(C92="nodejs",E92="B1c",H92<>"invalid_configuration"),IF(H92=VLOOKUP(SUBSTITUTE(A92,"_B1c_","_B1b_"),$A:$H,8,FALSE),"same","DIFF"),"") | W92: =IF(D92="A1a",IF(H92=VLOOKUP(SUBSTITUTE(A92,"_A1a_","_A1b_"),$A:$H,8,FALSE),"same","DIFF"),"") -> same
A93: pip_A1a_B1a_B2a_C1b | B93: 46272.595 | C93: python | D93: A1a | E93: B1a | F93: B2a | G93: C1b | H93: private_resolved | I93: xueting-thesis-event-fengfu | J93: 100 | K93: http://host.docker.internal:8081/repository/pypi-group-public-first/packages/xueting-thesis-event-fengfu/1.0.0/xueting_thesis_event_fengfu-1.0.0-py3-none-any.whl | L93: xueting-thesis-service-zhuanfa | M93: 100 | N93: http://host.docker.internal:8081/repository/pypi-group-public-first/packages/xueting-thesis-service-zhuanfa/1.0.0/xueting_thesis_service_zhuanfa-1.0.0-py3-none-any.whl | O93: automation_process/central_automated_pipeline/artifact_download/pip_A1a_B1a_B2a_C1b | P93: 392d628e1a62a0ac3b0154c32f38e530fc871c0a | Q93: 34121001559 | R93: =C93&"|"&D93&"|"&E93&"|"&F93&"|"&G93 -> python|A1a|B1a|B2a|C1b | S93: =IF(H93="malicious_resolved","M",IF(H93="private_resolved","P",IF(H93="resolution_error","E","-"))) -> P | T93: =IF(G93="C1a",IF(H93=VLOOKUP(SUBSTITUTE(A93,"_C1a","_C1c"),$A:$H,8,FALSE),"same","DIFF"),"") | U93: =IF(AND(C93="nodejs",E93="B1b"),IF(H93=VLOOKUP(SUBSTITUTE(A93,"_B1b_","_B1d_"),$A:$H,8,FALSE),"same","DIFF"),"") | V93: =IF(AND(C93="nodejs",E93="B1c",H93<>"invalid_configuration"),IF(H93=VLOOKUP(SUBSTITUTE(A93,"_B1c_","_B1b_"),$A:$H,8,FALSE),"same","DIFF"),"") | W93: =IF(D93="A1a",IF(H93=VLOOKUP(SUBSTITUTE(A93,"_A1a_","_A1b_"),$A:$H,8,FALSE),"same","DIFF"),"") -> same
A94: pip_A1a_B1a_B2a_C1c | B94: 46272.596 | C94: python | D94: A1a | E94: B1a | F94: B2a | G94: C1c | H94: private_resolved | I94: xueting-thesis-event-fengfu | J94: 100 | K94: http://host.docker.internal:8081/repository/pypi-group-public-first/packages/xueting-thesis-event-fengfu/1.0.0/xueting_thesis_event_fengfu-1.0.0-py3-none-any.whl | L94: xueting-thesis-service-zhuanfa | M94: 100 | N94: http://host.docker.internal:8081/repository/pypi-group-public-first/packages/xueting-thesis-service-zhuanfa/1.0.0/xueting_thesis_service_zhuanfa-1.0.0-py3-none-any.whl | O94: automation_process/central_automated_pipeline/artifact_download/pip_A1a_B1a_B2a_C1c | P94: 392d628e1a62a0ac3b0154c32f38e530fc871c0a | Q94: 34121077911 | R94: =C94&"|"&D94&"|"&E94&"|"&F94&"|"&G94 -> python|A1a|B1a|B2a|C1c | S94: =IF(H94="malicious_resolved","M",IF(H94="private_resolved","P",IF(H94="resolution_error","E","-"))) -> P | T94: =IF(G94="C1a",IF(H94=VLOOKUP(SUBSTITUTE(A94,"_C1a","_C1c"),$A:$H,8,FALSE),"same","DIFF"),"") | U94: =IF(AND(C94="nodejs",E94="B1b"),IF(H94=VLOOKUP(SUBSTITUTE(A94,"_B1b_","_B1d_"),$A:$H,8,FALSE),"same","DIFF"),"") | V94: =IF(AND(C94="nodejs",E94="B1c",H94<>"invalid_configuration"),IF(H94=VLOOKUP(SUBSTITUTE(A94,"_B1c_","_B1b_"),$A:$H,8,FALSE),"same","DIFF"),"") | W94: =IF(D94="A1a",IF(H94=VLOOKUP(SUBSTITUTE(A94,"_A1a_","_A1b_"),$A:$H,8,FALSE),"same","DIFF"),"") -> same
A95: pip_A1a_B1a_B2b_C1a | B95: 46272.596 | C95: python | D95: A1a | E95: B1a | F95: B2b | G95: C1a | H95: malicious_resolved | I95: xueting-thesis-event-fengfu | J95: 103 | K95: http://host.docker.internal:8081/repository/pypi-group-public-first/packages/xueting-thesis-event-fengfu/1.0.3/xueting_thesis_event_fengfu-1.0.3-py3-none-any.whl | L95: xueting-thesis-service-zhuanfa | M95: 103 | N95: http://host.docker.internal:8081/repository/pypi-group-public-first/packages/xueting-thesis-service-zhuanfa/1.0.3/xueting_thesis_service_zhuanfa-1.0.3-py3-none-any.whl | O95: automation_process/central_automated_pipeline/artifact_download/pip_A1a_B1a_B2b_C1a | P95: 392d628e1a62a0ac3b0154c32f38e530fc871c0a | Q95: 34121142276 | R95: =C95&"|"&D95&"|"&E95&"|"&F95&"|"&G95 -> python|A1a|B1a|B2b|C1a | S95: =IF(H95="malicious_resolved","M",IF(H95="private_resolved","P",IF(H95="resolution_error","E","-"))) -> M | T95: =IF(G95="C1a",IF(H95=VLOOKUP(SUBSTITUTE(A95,"_C1a","_C1c"),$A:$H,8,FALSE),"same","DIFF"),"") -> same | U95: =IF(AND(C95="nodejs",E95="B1b"),IF(H95=VLOOKUP(SUBSTITUTE(A95,"_B1b_","_B1d_"),$A:$H,8,FALSE),"same","DIFF"),"") | V95: =IF(AND(C95="nodejs",E95="B1c",H95<>"invalid_configuration"),IF(H95=VLOOKUP(SUBSTITUTE(A95,"_B1c_","_B1b_"),$A:$H,8,FALSE),"same","DIFF"),"") | W95: =IF(D95="A1a",IF(H95=VLOOKUP(SUBSTITUTE(A95,"_A1a_","_A1b_"),$A:$H,8,FALSE),"same","DIFF"),"") -> same
A96: pip_A1a_B1a_B2b_C1b | B96: 46272.597 | C96: python | D96: A1a | E96: B1a | F96: B2b | G96: C1b | H96: malicious_resolved | I96: xueting-thesis-event-fengfu | J96: 103 | K96: http://host.docker.internal:8081/repository/pypi-group-public-first/packages/xueting-thesis-event-fengfu/1.0.3/xueting_thesis_event_fengfu-1.0.3-py3-none-any.whl | L96: xueting-thesis-service-zhuanfa | M96: 103 | N96: http://host.docker.internal:8081/repository/pypi-group-public-first/packages/xueting-thesis-service-zhuanfa/1.0.3/xueting_thesis_service_zhuanfa-1.0.3-py3-none-any.whl | O96: automation_process/central_automated_pipeline/artifact_download/pip_A1a_B1a_B2b_C1b | P96: 392d628e1a62a0ac3b0154c32f38e530fc871c0a | Q96: 34121196965 | R96: =C96&"|"&D96&"|"&E96&"|"&F96&"|"&G96 -> python|A1a|B1a|B2b|C1b | S96: =IF(H96="malicious_resolved","M",IF(H96="private_resolved","P",IF(H96="resolution_error","E","-"))) -> M | T96: =IF(G96="C1a",IF(H96=VLOOKUP(SUBSTITUTE(A96,"_C1a","_C1c"),$A:$H,8,FALSE),"same","DIFF"),"") | U96: =IF(AND(C96="nodejs",E96="B1b"),IF(H96=VLOOKUP(SUBSTITUTE(A96,"_B1b_","_B1d_"),$A:$H,8,FALSE),"same","DIFF"),"") | V96: =IF(AND(C96="nodejs",E96="B1c",H96<>"invalid_configuration"),IF(H96=VLOOKUP(SUBSTITUTE(A96,"_B1c_","_B1b_"),$A:$H,8,FALSE),"same","DIFF"),"") | W96: =IF(D96="A1a",IF(H96=VLOOKUP(SUBSTITUTE(A96,"_A1a_","_A1b_"),$A:$H,8,FALSE),"same","DIFF"),"") -> same
A97: pip_A1a_B1a_B2b_C1c | B97: 46272.597 | C97: python | D97: A1a | E97: B1a | F97: B2b | G97: C1c | H97: malicious_resolved | I97: xueting-thesis-event-fengfu | J97: 103 | K97: http://host.docker.internal:8081/repository/pypi-group-public-first/packages/xueting-thesis-event-fengfu/1.0.3/xueting_thesis_event_fengfu-1.0.3-py3-none-any.whl | L97: xueting-thesis-service-zhuanfa | M97: 103 | N97: http://host.docker.internal:8081/repository/pypi-group-public-first/packages/xueting-thesis-service-zhuanfa/1.0.3/xueting_thesis_service_zhuanfa-1.0.3-py3-none-any.whl | O97: automation_process/central_automated_pipeline/artifact_download/pip_A1a_B1a_B2b_C1c | P97: 392d628e1a62a0ac3b0154c32f38e530fc871c0a | Q97: 34121268501 | R97: =C97&"|"&D97&"|"&E97&"|"&F97&"|"&G97 -> python|A1a|B1a|B2b|C1c | S97: =IF(H97="malicious_resolved","M",IF(H97="private_resolved","P",IF(H97="resolution_error","E","-"))) -> M | T97: =IF(G97="C1a",IF(H97=VLOOKUP(SUBSTITUTE(A97,"_C1a","_C1c"),$A:$H,8,FALSE),"same","DIFF"),"") | U97: =IF(AND(C97="nodejs",E97="B1b"),IF(H97=VLOOKUP(SUBSTITUTE(A97,"_B1b_","_B1d_"),$A:$H,8,FALSE),"same","DIFF"),"") | V97: =IF(AND(C97="nodejs",E97="B1c",H97<>"invalid_configuration"),IF(H97=VLOOKUP(SUBSTITUTE(A97,"_B1c_","_B1b_"),$A:$H,8,FALSE),"same","DIFF"),"") | W97: =IF(D97="A1a",IF(H97=VLOOKUP(SUBSTITUTE(A97,"_A1a_","_A1b_"),$A:$H,8,FALSE),"same","DIFF"),"") -> same
A98: pip_A1a_B1a_B2c_C1a | B98: 46272.598 | C98: python | D98: A1a | E98: B1a | F98: B2c | G98: C1a | H98: malicious_resolved | I98: xueting-thesis-event-fengfu | J98: 103 | K98: http://host.docker.internal:8081/repository/pypi-group-public-first/packages/xueting-thesis-event-fengfu/1.0.3/xueting_thesis_event_fengfu-1.0.3-py3-none-any.whl | L98: xueting-thesis-service-zhuanfa | M98: 103 | N98: http://host.docker.internal:8081/repository/pypi-group-public-first/packages/xueting-thesis-service-zhuanfa/1.0.3/xueting_thesis_service_zhuanfa-1.0.3-py3-none-any.whl | O98: automation_process/central_automated_pipeline/artifact_download/pip_A1a_B1a_B2c_C1a | P98: 392d628e1a62a0ac3b0154c32f38e530fc871c0a | Q98: 34121335898 | R98: =C98&"|"&D98&"|"&E98&"|"&F98&"|"&G98 -> python|A1a|B1a|B2c|C1a | S98: =IF(H98="malicious_resolved","M",IF(H98="private_resolved","P",IF(H98="resolution_error","E","-"))) -> M | T98: =IF(G98="C1a",IF(H98=VLOOKUP(SUBSTITUTE(A98,"_C1a","_C1c"),$A:$H,8,FALSE),"same","DIFF"),"") -> same | U98: =IF(AND(C98="nodejs",E98="B1b"),IF(H98=VLOOKUP(SUBSTITUTE(A98,"_B1b_","_B1d_"),$A:$H,8,FALSE),"same","DIFF"),"") | V98: =IF(AND(C98="nodejs",E98="B1c",H98<>"invalid_configuration"),IF(H98=VLOOKUP(SUBSTITUTE(A98,"_B1c_","_B1b_"),$A:$H,8,FALSE),"same","DIFF"),"") | W98: =IF(D98="A1a",IF(H98=VLOOKUP(SUBSTITUTE(A98,"_A1a_","_A1b_"),$A:$H,8,FALSE),"same","DIFF"),"") -> same
A99: pip_A1a_B1a_B2c_C1b | B99: 46272.598 | C99: python | D99: A1a | E99: B1a | F99: B2c | G99: C1b | H99: malicious_resolved | I99: xueting-thesis-event-fengfu | J99: 103 | K99: http://host.docker.internal:8081/repository/pypi-group-public-first/packages/xueting-thesis-event-fengfu/1.0.3/xueting_thesis_event_fengfu-1.0.3-py3-none-any.whl | L99: xueting-thesis-service-zhuanfa | M99: 103 | N99: http://host.docker.internal:8081/repository/pypi-group-public-first/packages/xueting-thesis-service-zhuanfa/1.0.3/xueting_thesis_service_zhuanfa-1.0.3-py3-none-any.whl | O99: automation_process/central_automated_pipeline/artifact_download/pip_A1a_B1a_B2c_C1b | P99: 392d628e1a62a0ac3b0154c32f38e530fc871c0a | Q99: 34121388780 | R99: =C99&"|"&D99&"|"&E99&"|"&F99&"|"&G99 -> python|A1a|B1a|B2c|C1b | S99: =IF(H99="malicious_resolved","M",IF(H99="private_resolved","P",IF(H99="resolution_error","E","-"))) -> M | T99: =IF(G99="C1a",IF(H99=VLOOKUP(SUBSTITUTE(A99,"_C1a","_C1c"),$A:$H,8,FALSE),"same","DIFF"),"") | U99: =IF(AND(C99="nodejs",E99="B1b"),IF(H99=VLOOKUP(SUBSTITUTE(A99,"_B1b_","_B1d_"),$A:$H,8,FALSE),"same","DIFF"),"") | V99: =IF(AND(C99="nodejs",E99="B1c",H99<>"invalid_configuration"),IF(H99=VLOOKUP(SUBSTITUTE(A99,"_B1c_","_B1b_"),$A:$H,8,FALSE),"same","DIFF"),"") | W99: =IF(D99="A1a",IF(H99=VLOOKUP(SUBSTITUTE(A99,"_A1a_","_A1b_"),$A:$H,8,FALSE),"same","DIFF"),"") -> same
... A118: pip_A1a_B1c_B2c_C1c | B118: 46272.61 | C118: python | D118: A1a | E118: B1c | F118: B2c | G118: C1c | H118: malicious_resolved | I118: xueting-thesis-event-fengfu | J118: 103 | K118: http://host.docker.internal:8081/repository/pypi-public-proxy/packages/xueting-thesis-event-fengfu/1.0.3/xueting_thesis_event_fengfu-1.0.3-py3-none-any.whl | L118: xueting-thesis-service-zhuanfa | M118: 103 | N118: http://host.docker.internal:8081/repository/pypi-public-proxy/packages/xueting-thesis-service-zhuanfa/1.0.3/xueting_thesis_service_zhuanfa-1.0.3-py3-none-any.whl | O118: automation_process/central_automated_pipeline/artifact_download/pip_A1a_B1c_B2c_C1c | P118: 392d628e1a62a0ac3b0154c32f38e530fc871c0a | Q118: 34122897223 | R118: =C118&"|"&D118&"|"&E118&"|"&F118&"|"&G118 -> python|A1a|B1c|B2c|C1c | S118: =IF(H118="malicious_resolved","M",IF(H118="private_resolved","P",IF(H118="resolution_error","E","-"))) -> M | T118: =IF(G118="C1a",IF(H118=VLOOKUP(SUBSTITUTE(A118,"_C1a","_C1c"),$A:$H,8,FALSE),"same","DIFF"),"") | U118: =IF(AND(C118="nodejs",E118="B1b"),IF(H118=VLOOKUP(SUBSTITUTE(A118,"_B1b_","_B1d_"),$A:$H,8,FALSE),"same","DIFF"),"") | V118: =IF(AND(C118="nodejs",E118="B1c",H118<>"invalid_configuration"),IF(H118=VLOOKUP(SUBSTITUTE(A118,"_B1c_","_B1b_"),$A:$H,8,FALSE),"same","DIFF"),"") | W118: =IF(D118="A1a",IF(H118=VLOOKUP(SUBSTITUTE(A118,"_A1a_","_A1b_"),$A:$H,8,FALSE),"same","DIFF"),"") -> same
...

Sheet FigureC
A1: nodejs
C2: B2a | D2: B2a | E2: B2a | F2: B2b | G2: B2b | H2: B2b | I2: B2c | J2: B2c | K2: B2c
C3: C1a | D3: C1b | E3: C1c | F3: C1a | G3: C1b | H3: C1c | I3: C1a | J3: C1b | K3: C1c
A4: A1a | B4: B1a | C4: =IFERROR(VLOOKUP($A$1&"|"&$A4&"|"&$B4&"|"&C$2&"|"&C$3,'results'!$R:$S,2,FALSE),"?") -> P | D4: =IFERROR(VLOOKUP($A$1&"|"&$A4&"|"&$B4&"|"&D$2&"|"&D$3,'results'!$R:$S,2,FALSE),"?") -> P | E4: =IFERROR(VLOOKUP($A$1&"|"&$A4&"|"&$B4&"|"&E$2&"|"&E$3,'results'!$R:$S,2,FALSE),"?") -> P | F4: =IFERROR(VLOOKUP($A$1&"|"&$A4&"|"&$B4&"|"&F$2&"|"&F$3,'results'!$R:$S,2,FALSE),"?") -> M | G4: =IFERROR(VLOOKUP($A$1&"|"&$A4&"|"&$B4&"|"&G$2&"|"&G$3,'results'!$R:$S,2,FALSE),"?") -> M | H4: =IFERROR(VLOOKUP($A$1&"|"&$A4&"|"&$B4&"|"&H$2&"|"&H$3,'results'!$R:$S,2,FALSE),"?") -> M | I4: =IFERROR(VLOOKUP($A$1&"|"&$A4&"|"&$B4&"|"&I$2&"|"&I$3,'results'!$R:$S,2,FALSE),"?") -> M | J4: =IFERROR(VLOOKUP($A$1&"|"&$A4&"|"&$B4&"|"&J$2&"|"&J$3,'results'!$R:$S,2,FALSE),"?") -> M | K4: =IFERROR(VLOOKUP($A$1&"|"&$A4&"|"&$B4&"|"&K$2&"|"&K$3,'results'!$R:$S,2,FALSE),"?") -> M
A5: A1a | B5: B1b | C5: =IFERROR(VLOOKUP($A$1&"|"&$A5&"|"&$B5&"|"&C$2&"|"&C$3,'results'!$R:$S,2,FALSE),"?") -> E | D5: =IFERROR(VLOOKUP($A$1&"|"&$A5&"|"&$B5&"|"&D$2&"|"&D$3,'results'!$R:$S,2,FALSE),"?") -> E | E5: =IFERROR(VLOOKUP($A$1&"|"&$A5&"|"&$B5&"|"&E$2&"|"&E$3,'results'!$R:$S,2,FALSE),"?") -> E | F5: =IFERROR(VLOOKUP($A$1&"|"&$A5&"|"&$B5&"|"&F$2&"|"&F$3,'results'!$R:$S,2,FALSE),"?") -> M | G5: =IFERROR(VLOOKUP($A$1&"|"&$A5&"|"&$B5&"|"&G$2&"|"&G$3,'results'!$R:$S,2,FALSE),"?") -> M | H5: =IFERROR(VLOOKUP($A$1&"|"&$A5&"|"&$B5&"|"&H$2&"|"&H$3,'results'!$R:$S,2,FALSE),"?") -> M | I5: =IFERROR(VLOOKUP($A$1&"|"&$A5&"|"&$B5&"|"&I$2&"|"&I$3,'results'!$R:$S,2,FALSE),"?") -> M | J5: =IFERROR(VLOOKUP($A$1&"|"&$A5&"|"&$B5&"|"&J$2&"|"&J$3,'results'!$R:$S,2,FALSE),"?") -> M | K5: =IFERROR(VLOOKUP($A$1&"|"&$A5&"|"&$B5&"|"&K$2&"|"&K$3,'results'!$R:$S,2,FALSE),"?") -> M
A6: A1a | B6: B1c | C6: =IFERROR(VLOOKUP($A$1&"|"&$A6&"|"&$B6&"|"&C$2&"|"&C$3,'results'!$R:$S,2,FALSE),"?") -> E | D6: =IFERROR(VLOOKUP($A$1&"|"&$A6&"|"&$B6&"|"&D$2&"|"&D$3,'results'!$R:$S,2,FALSE),"?") -> E | E6: =IFERROR(VLOOKUP($A$1&"|"&$A6&"|"&$B6&"|"&E$2&"|"&E$3,'results'!$R:$S,2,FALSE),"?") -> E | F6: =IFERROR(VLOOKUP($A$1&"|"&$A6&"|"&$B6&"|"&F$2&"|"&F$3,'results'!$R:$S,2,FALSE),"?") -> M | G6: =IFERROR(VLOOKUP($A$1&"|"&$A6&"|"&$B6&"|"&G$2&"|"&G$3,'results'!$R:$S,2,FALSE),"?") -> M | H6: =IFERROR(VLOOKUP($A$1&"|"&$A6&"|"&$B6&"|"&H$2&"|"&H$3,'results'!$R:$S,2,FALSE),"?") -> M | I6: =IFERROR(VLOOKUP($A$1&"|"&$A6&"|"&$B6&"|"&I$2&"|"&I$3,'results'!$R:$S,2,FALSE),"?") -> M | J6: =IFERROR(VLOOKUP($A$1&"|"&$A6&"|"&$B6&"|"&J$2&"|"&J$3,'results'!$R:$S,2,FALSE),"?") -> M | K6: =IFERROR(VLOOKUP($A$1&"|"&$A6&"|"&$B6&"|"&K$2&"|"&K$3,'results'!$R:$S,2,FALSE),"?") -> M
A7: A1a | B7: B1d | C7: =IFERROR(VLOOKUP($A$1&"|"&$A7&"|"&$B7&"|"&C$2&"|"&C$3,'results'!$R:$S,2,FALSE),"?") -> E | D7: =IFERROR(VLOOKUP($A$1&"|"&$A7&"|"&$B7&"|"&D$2&"|"&D$3,'results'!$R:$S,2,FALSE),"?") -> E | E7: =IFERROR(VLOOKUP($A$1&"|"&$A7&"|"&$B7&"|"&E$2&"|"&E$3,'results'!$R:$S,2,FALSE),"?") -> E | F7: =IFERROR(VLOOKUP($A$1&"|"&$A7&"|"&$B7&"|"&F$2&"|"&F$3,'results'!$R:$S,2,FALSE),"?") -> M | G7: =IFERROR(VLOOKUP($A$1&"|"&$A7&"|"&$B7&"|"&G$2&"|"&G$3,'results'!$R:$S,2,FALSE),"?") -> M | H7: =IFERROR(VLOOKUP($A$1&"|"&$A7&"|"&$B7&"|"&H$2&"|"&H$3,'results'!$R:$S,2,FALSE),"?") -> M | I7: =IFERROR(VLOOKUP($A$1&"|"&$A7&"|"&$B7&"|"&I$2&"|"&I$3,'results'!$R:$S,2,FALSE),"?") -> M | J7: =IFERROR(VLOOKUP($A$1&"|"&$A7&"|"&$B7&"|"&J$2&"|"&J$3,'results'!$R:$S,2,FALSE),"?") -> M | K7: =IFERROR(VLOOKUP($A$1&"|"&$A7&"|"&$B7&"|"&K$2&"|"&K$3,'results'!$R:$S,2,FALSE),"?") -> M
A8: A1b | B8: B1a | C8: =IFERROR(VLOOKUP($A$1&"|"&$A8&"|"&$B8&"|"&C$2&"|"&C$3,'results'!$R:$S,2,FALSE),"?") -> P | D8: =IFERROR(VLOOKUP($A$1&"|"&$A8&"|"&$B8&"|"&D$2&"|"&D$3,'results'!$R:$S,2,FALSE),"?") -> P | E8: =IFERROR(VLOOKUP($A$1&"|"&$A8&"|"&$B8&"|"&E$2&"|"&E$3,'results'!$R:$S,2,FALSE),"?") -> P | F8: =IFERROR(VLOOKUP($A$1&"|"&$A8&"|"&$B8&"|"&F$2&"|"&F$3,'results'!$R:$S,2,FALSE),"?") -> M | G8: =IFERROR(VLOOKUP($A$1&"|"&$A8&"|"&$B8&"|"&G$2&"|"&G$3,'results'!$R:$S,2,FALSE),"?") -> M | H8: =IFERROR(VLOOKUP($A$1&"|"&$A8&"|"&$B8&"|"&H$2&"|"&H$3,'results'!$R:$S,2,FALSE),"?") -> M | I8: =IFERROR(VLOOKUP($A$1&"|"&$A8&"|"&$B8&"|"&I$2&"|"&I$3,'results'!$R:$S,2,FALSE),"?") -> M | J8: =IFERROR(VLOOKUP($A$1&"|"&$A8&"|"&$B8&"|"&J$2&"|"&J$3,'results'!$R:$S,2,FALSE),"?") -> M | K8: =IFERROR(VLOOKUP($A$1&"|"&$A8&"|"&$B8&"|"&K$2&"|"&K$3,'results'!$R:$S,2,FALSE),"?") -> M
A9: A1b | B9: B1b | C9: =IFERROR(VLOOKUP($A$1&"|"&$A9&"|"&$B9&"|"&C$2&"|"&C$3,'results'!$R:$S,2,FALSE),"?") -> E | D9: =IFERROR(VLOOKUP($A$1&"|"&$A9&"|"&$B9&"|"&D$2&"|"&D$3,'results'!$R:$S,2,FALSE),"?") -> E | E9: =IFERROR(VLOOKUP($A$1&"|"&$A9&"|"&$B9&"|"&E$2&"|"&E$3,'results'!$R:$S,2,FALSE),"?") -> E | F9: =IFERROR(VLOOKUP($A$1&"|"&$A9&"|"&$B9&"|"&F$2&"|"&F$3,'results'!$R:$S,2,FALSE),"?") -> M | G9: =IFERROR(VLOOKUP($A$1&"|"&$A9&"|"&$B9&"|"&G$2&"|"&G$3,'results'!$R:$S,2,FALSE),"?") -> M | H9: =IFERROR(VLOOKUP($A$1&"|"&$A9&"|"&$B9&"|"&H$2&"|"&H$3,'results'!$R:$S,2,FALSE),"?") -> M | I9: =IFERROR(VLOOKUP($A$1&"|"&$A9&"|"&$B9&"|"&I$2&"|"&I$3,'results'!$R:$S,2,FALSE),"?") -> M | J9: =IFERROR(VLOOKUP($A$1&"|"&$A9&"|"&$B9&"|"&J$2&"|"&J$3,'results'!$R:$S,2,FALSE),"?") -> M | K9: =IFERROR(VLOOKUP($A$1&"|"&$A9&"|"&$B9&"|"&K$2&"|"&K$3,'results'!$R:$S,2,FALSE),"?") -> M
A10: A1b | B10: B1c | C10: =IFERROR(VLOOKUP($A$1&"|"&$A10&"|"&$B10&"|"&C$2&"|"&C$3,'results'!$R:$S,2,FALSE),"?") -> E | D10: =IFERROR(VLOOKUP($A$1&"|"&$A10&"|"&$B10&"|"&D$2&"|"&D$3,'results'!$R:$S,2,FALSE),"?") -> E | E10: =IFERROR(VLOOKUP($A$1&"|"&$A10&"|"&$B10&"|"&E$2&"|"&E$3,'results'!$R:$S,2,FALSE),"?") -> E | F10: =IFERROR(VLOOKUP($A$1&"|"&$A10&"|"&$B10&"|"&F$2&"|"&F$3,'results'!$R:$S,2,FALSE),"?") -> M | G10: =IFERROR(VLOOKUP($A$1&"|"&$A10&"|"&$B10&"|"&G$2&"|"&G$3,'results'!$R:$S,2,FALSE),"?") -> M | H10: =IFERROR(VLOOKUP($A$1&"|"&$A10&"|"&$B10&"|"&H$2&"|"&H$3,'results'!$R:$S,2,FALSE),"?") -> M | I10: =IFERROR(VLOOKUP($A$1&"|"&$A10&"|"&$B10&"|"&I$2&"|"&I$3,'results'!$R:$S,2,FALSE),"?") -> M | J10: =IFERROR(VLOOKUP($A$1&"|"&$A10&"|"&$B10&"|"&J$2&"|"&J$3,'results'!$R:$S,2,FALSE),"?") -> M | K10: =IFERROR(VLOOKUP($A$1&"|"&$A10&"|"&$B10&"|"&K$2&"|"&K$3,'results'!$R:$S,2,FALSE),"?") -> M
A11: A1b | B11: B1d | C11: =IFERROR(VLOOKUP($A$1&"|"&$A11&"|"&$B11&"|"&C$2&"|"&C$3,'results'!$R:$S,2,FALSE),"?") -> E | D11: =IFERROR(VLOOKUP($A$1&"|"&$A11&"|"&$B11&"|"&D$2&"|"&D$3,'results'!$R:$S,2,FALSE),"?") -> E | E11: =IFERROR(VLOOKUP($A$1&"|"&$A11&"|"&$B11&"|"&E$2&"|"&E$3,'results'!$R:$S,2,FALSE),"?") -> E | F11: =IFERROR(VLOOKUP($A$1&"|"&$A11&"|"&$B11&"|"&F$2&"|"&F$3,'results'!$R:$S,2,FALSE),"?") -> M | G11: =IFERROR(VLOOKUP($A$1&"|"&$A11&"|"&$B11&"|"&G$2&"|"&G$3,'results'!$R:$S,2,FALSE),"?") -> M | H11: =IFERROR(VLOOKUP($A$1&"|"&$A11&"|"&$B11&"|"&H$2&"|"&H$3,'results'!$R:$S,2,FALSE),"?") -> M | I11: =IFERROR(VLOOKUP($A$1&"|"&$A11&"|"&$B11&"|"&I$2&"|"&I$3,'results'!$R:$S,2,FALSE),"?") -> M | J11: =IFERROR(VLOOKUP($A$1&"|"&$A11&"|"&$B11&"|"&J$2&"|"&J$3,'results'!$R:$S,2,FALSE),"?") -> M | K11: =IFERROR(VLOOKUP($A$1&"|"&$A11&"|"&$B11&"|"&K$2&"|"&K$3,'results'!$R:$S,2,FALSE),"?") -> M
A12: A2 | B12: B1a | C12: =IFERROR(VLOOKUP($A$1&"|"&$A12&"|"&$B12&"|"&C$2&"|"&C$3,'results'!$R:$S,2,FALSE),"?") -> E | D12: =IFERROR(VLOOKUP($A$1&"|"&$A12&"|"&$B12&"|"&D$2&"|"&D$3,'results'!$R:$S,2,FALSE),"?") -> P | E12: =IFERROR(VLOOKUP($A$1&"|"&$A12&"|"&$B12&"|"&E$2&"|"&E$3,'results'!$R:$S,2,FALSE),"?") -> E | F12: =IFERROR(VLOOKUP($A$1&"|"&$A12&"|"&$B12&"|"&F$2&"|"&F$3,'results'!$R:$S,2,FALSE),"?") -> E | G12: =IFERROR(VLOOKUP($A$1&"|"&$A12&"|"&$B12&"|"&G$2&"|"&G$3,'results'!$R:$S,2,FALSE),"?") -> P | H12: =IFERROR(VLOOKUP($A$1&"|"&$A12&"|"&$B12&"|"&H$2&"|"&H$3,'results'!$R:$S,2,FALSE),"?") -> E | I12: =IFERROR(VLOOKUP($A$1&"|"&$A12&"|"&$B12&"|"&I$2&"|"&I$3,'results'!$R:$S,2,FALSE),"?") -> E | J12: =IFERROR(VLOOKUP($A$1&"|"&$A12&"|"&$B12&"|"&J$2&"|"&J$3,'results'!$R:$S,2,FALSE),"?") -> P | K12: =IFERROR(VLOOKUP($A$1&"|"&$A12&"|"&$B12&"|"&K$2&"|"&K$3,'results'!$R:$S,2,FALSE),"?") -> E
A13: A2 | B13: B1b | C13: =IFERROR(VLOOKUP($A$1&"|"&$A13&"|"&$B13&"|"&C$2&"|"&C$3,'results'!$R:$S,2,FALSE),"?") -> E | D13: =IFERROR(VLOOKUP($A$1&"|"&$A13&"|"&$B13&"|"&D$2&"|"&D$3,'results'!$R:$S,2,FALSE),"?") -> E | E13: =IFERROR(VLOOKUP($A$1&"|"&$A13&"|"&$B13&"|"&E$2&"|"&E$3,'results'!$R:$S,2,FALSE),"?") -> E | F13: =IFERROR(VLOOKUP($A$1&"|"&$A13&"|"&$B13&"|"&F$2&"|"&F$3,'results'!$R:$S,2,FALSE),"?") -> M | G13: =IFERROR(VLOOKUP($A$1&"|"&$A13&"|"&$B13&"|"&G$2&"|"&G$3,'results'!$R:$S,2,FALSE),"?") -> M | H13: =IFERROR(VLOOKUP($A$1&"|"&$A13&"|"&$B13&"|"&H$2&"|"&H$3,'results'!$R:$S,2,FALSE),"?") -> M | I13: =IFERROR(VLOOKUP($A$1&"|"&$A13&"|"&$B13&"|"&I$2&"|"&I$3,'results'!$R:$S,2,FALSE),"?") -> M | J13: =IFERROR(VLOOKUP($A$1&"|"&$A13&"|"&$B13&"|"&J$2&"|"&J$3,'results'!$R:$S,2,FALSE),"?") -> M | K13: =IFERROR(VLOOKUP($A$1&"|"&$A13&"|"&$B13&"|"&K$2&"|"&K$3,'results'!$R:$S,2,FALSE),"?") -> M
A14: A2 | B14: B1c | C14: =IFERROR(VLOOKUP($A$1&"|"&$A14&"|"&$B14&"|"&C$2&"|"&C$3,'results'!$R:$S,2,FALSE),"?") -> E | D14: =IFERROR(VLOOKUP($A$1&"|"&$A14&"|"&$B14&"|"&D$2&"|"&D$3,'results'!$R:$S,2,FALSE),"?") -> E | E14: =IFERROR(VLOOKUP($A$1&"|"&$A14&"|"&$B14&"|"&E$2&"|"&E$3,'results'!$R:$S,2,FALSE),"?") -> E | F14: =IFERROR(VLOOKUP($A$1&"|"&$A14&"|"&$B14&"|"&F$2&"|"&F$3,'results'!$R:$S,2,FALSE),"?") -> M | G14: =IFERROR(VLOOKUP($A$1&"|"&$A14&"|"&$B14&"|"&G$2&"|"&G$3,'results'!$R:$S,2,FALSE),"?") -> M | H14: =IFERROR(VLOOKUP($A$1&"|"&$A14&"|"&$B14&"|"&H$2&"|"&H$3,'results'!$R:$S,2,FALSE),"?") -> M | I14: =IFERROR(VLOOKUP($A$1&"|"&$A14&"|"&$B14&"|"&I$2&"|"&I$3,'results'!$R:$S,2,FALSE),"?") -> M | J14: =IFERROR(VLOOKUP($A$1&"|"&$A14&"|"&$B14&"|"&J$2&"|"&J$3,'results'!$R:$S,2,FALSE),"?") -> M | K14: =IFERROR(VLOOKUP($A$1&"|"&$A14&"|"&$B14&"|"&K$2&"|"&K$3,'results'!$R:$S,2,FALSE),"?") -> M
A15: A2 | B15: B1d | C15: =IFERROR(VLOOKUP($A$1&"|"&$A15&"|"&$B15&"|"&C$2&"|"&C$3,'results'!$R:$S,2,FALSE),"?") -> E | D15: =IFERROR(VLOOKUP($A$1&"|"&$A15&"|"&$B15&"|"&D$2&"|"&D$3,'results'!$R:$S,2,FALSE),"?") -> E | E15: =IFERROR(VLOOKUP($A$1&"|"&$A15&"|"&$B15&"|"&E$2&"|"&E$3,'results'!$R:$S,2,FALSE),"?") -> E | F15: =IFERROR(VLOOKUP($A$1&"|"&$A15&"|"&$B15&"|"&F$2&"|"&F$3,'results'!$R:$S,2,FALSE),"?") -> M | G15: =IFERROR(VLOOKUP($A$1&"|"&$A15&"|"&$B15&"|"&G$2&"|"&G$3,'results'!$R:$S,2,FALSE),"?") -> M | H15: =IFERROR(VLOOKUP($A$1&"|"&$A15&"|"&$B15&"|"&H$2&"|"&H$3,'results'!$R:$S,2,FALSE),"?") -> M | I15: =IFERROR(VLOOKUP($A$1&"|"&$A15&"|"&$B15&"|"&I$2&"|"&I$3,'results'!$R:$S,2,FALSE),"?") -> M | J15: =IFERROR(VLOOKUP($A$1&"|"&$A15&"|"&$B15&"|"&J$2&"|"&J$3,'results'!$R:$S,2,FALSE),"?") -> M | K15: =IFERROR(VLOOKUP($A$1&"|"&$A15&"|"&$B15&"|"&K$2&"|"&K$3,'results'!$R:$S,2,FALSE),"?") -> M
... A19: A3 | B19: B1d | C19: =IFERROR(VLOOKUP($A$1&"|"&$A19&"|"&$B19&"|"&C$2&"|"&C$3,'results'!$R:$S,2,FALSE),"?") -> E | D19: =IFERROR(VLOOKUP($A$1&"|"&$A19&"|"&$B19&"|"&D$2&"|"&D$3,'results'!$R:$S,2,FALSE),"?") -> E | E19: =IFERROR(VLOOKUP($A$1&"|"&$A19&"|"&$B19&"|"&E$2&"|"&E$3,'results'!$R:$S,2,FALSE),"?") -> E | F19: =IFERROR(VLOOKUP($A$1&"|"&$A19&"|"&$B19&"|"&F$2&"|"&F$3,'results'!$R:$S,2,FALSE),"?") -> M | G19: =IFERROR(VLOOKUP($A$1&"|"&$A19&"|"&$B19&"|"&G$2&"|"&G$3,'results'!$R:$S,2,FALSE),"?") -> M | H19: =IFERROR(VLOOKUP($A$1&"|"&$A19&"|"&$B19&"|"&H$2&"|"&H$3,'results'!$R:$S,2,FALSE),"?") -> M | I19: =IFERROR(VLOOKUP($A$1&"|"&$A19&"|"&$B19&"|"&I$2&"|"&I$3,'results'!$R:$S,2,FALSE),"?") -> M | J19: =IFERROR(VLOOKUP($A$1&"|"&$A19&"|"&$B19&"|"&J$2&"|"&J$3,'results'!$R:$S,2,FALSE),"?") -> M | K19: =IFERROR(VLOOKUP($A$1&"|"&$A19&"|"&$B19&"|"&K$2&"|"&K$3,'results'!$R:$S,2,FALSE),"?") -> M
A22: python
C23: B2a | D23: B2a | E23: B2a | F23: B2b | G23: B2b | H23: B2b | I23: B2c | J23: B2c | K23: B2c
C24: C1a | D24: C1b | E24: C1c | F24: C1a | G24: C1b | H24: C1c | I24: C1a | J24: C1b | K24: C1c
A25: A1a | B25: B1a | C25: =IFERROR(VLOOKUP($A$22&"|"&$A25&"|"&$B25&"|"&C$2&"|"&C$3,'results'!$R:$S,2,FALSE),"?") -> P | D25: =IFERROR(VLOOKUP($A$22&"|"&$A25&"|"&$B25&"|"&D$2&"|"&D$3,'results'!$R:$S,2,FALSE),"?") -> P | E25: =IFERROR(VLOOKUP($A$22&"|"&$A25&"|"&$B25&"|"&E$2&"|"&E$3,'results'!$R:$S,2,FALSE),"?") -> P | F25: =IFERROR(VLOOKUP($A$22&"|"&$A25&"|"&$B25&"|"&F$2&"|"&F$3,'results'!$R:$S,2,FALSE),"?") -> M | G25: =IFERROR(VLOOKUP($A$22&"|"&$A25&"|"&$B25&"|"&G$2&"|"&G$3,'results'!$R:$S,2,FALSE),"?") -> M | H25: =IFERROR(VLOOKUP($A$22&"|"&$A25&"|"&$B25&"|"&H$2&"|"&H$3,'results'!$R:$S,2,FALSE),"?") -> M | I25: =IFERROR(VLOOKUP($A$22&"|"&$A25&"|"&$B25&"|"&I$2&"|"&I$3,'results'!$R:$S,2,FALSE),"?") -> M | J25: =IFERROR(VLOOKUP($A$22&"|"&$A25&"|"&$B25&"|"&J$2&"|"&J$3,'results'!$R:$S,2,FALSE),"?") -> M | K25: =IFERROR(VLOOKUP($A$22&"|"&$A25&"|"&$B25&"|"&K$2&"|"&K$3,'results'!$R:$S,2,FALSE),"?") -> M
A26: A1a | B26: B1b | C26: =IFERROR(VLOOKUP($A$22&"|"&$A26&"|"&$B26&"|"&C$2&"|"&C$3,'results'!$R:$S,2,FALSE),"?") -> P | D26: =IFERROR(VLOOKUP($A$22&"|"&$A26&"|"&$B26&"|"&D$2&"|"&D$3,'results'!$R:$S,2,FALSE),"?") -> P | E26: =IFERROR(VLOOKUP($A$22&"|"&$A26&"|"&$B26&"|"&E$2&"|"&E$3,'results'!$R:$S,2,FALSE),"?") -> P | F26: =IFERROR(VLOOKUP($A$22&"|"&$A26&"|"&$B26&"|"&F$2&"|"&F$3,'results'!$R:$S,2,FALSE),"?") -> M | G26: =IFERROR(VLOOKUP($A$22&"|"&$A26&"|"&$B26&"|"&G$2&"|"&G$3,'results'!$R:$S,2,FALSE),"?") -> M | H26: =IFERROR(VLOOKUP($A$22&"|"&$A26&"|"&$B26&"|"&H$2&"|"&H$3,'results'!$R:$S,2,FALSE),"?") -> M | I26: =IFERROR(VLOOKUP($A$22&"|"&$A26&"|"&$B26&"|"&I$2&"|"&I$3,'results'!$R:$S,2,FALSE),"?") -> M | J26: =IFERROR(VLOOKUP($A$22&"|"&$A26&"|"&$B26&"|"&J$2&"|"&J$3,'results'!$R:$S,2,FALSE),"?") -> M | K26: =IFERROR(VLOOKUP($A$22&"|"&$A26&"|"&$B26&"|"&K$2&"|"&K$3,'results'!$R:$S,2,FALSE),"?") -> M
A27: A1a | B27: B1c | C27: =IFERROR(VLOOKUP($A$22&"|"&$A27&"|"&$B27&"|"&C$2&"|"&C$3,'results'!$R:$S,2,FALSE),"?") -> P | D27: =IFERROR(VLOOKUP($A$22&"|"&$A27&"|"&$B27&"|"&D$2&"|"&D$3,'results'!$R:$S,2,FALSE),"?") -> P | E27: =IFERROR(VLOOKUP($A$22&"|"&$A27&"|"&$B27&"|"&E$2&"|"&E$3,'results'!$R:$S,2,FALSE),"?") -> P | F27: =IFERROR(VLOOKUP($A$22&"|"&$A27&"|"&$B27&"|"&F$2&"|"&F$3,'results'!$R:$S,2,FALSE),"?") -> M | G27: =IFERROR(VLOOKUP($A$22&"|"&$A27&"|"&$B27&"|"&G$2&"|"&G$3,'results'!$R:$S,2,FALSE),"?") -> M | H27: =IFERROR(VLOOKUP($A$22&"|"&$A27&"|"&$B27&"|"&H$2&"|"&H$3,'results'!$R:$S,2,FALSE),"?") -> M | I27: =IFERROR(VLOOKUP($A$22&"|"&$A27&"|"&$B27&"|"&I$2&"|"&I$3,'results'!$R:$S,2,FALSE),"?") -> M | J27: =IFERROR(VLOOKUP($A$22&"|"&$A27&"|"&$B27&"|"&J$2&"|"&J$3,'results'!$R:$S,2,FALSE),"?") -> M | K27: =IFERROR(VLOOKUP($A$22&"|"&$A27&"|"&$B27&"|"&K$2&"|"&K$3,'results'!$R:$S,2,FALSE),"?") -> M
A28: A1a | B28: B1d | C28: =IFERROR(VLOOKUP($A$22&"|"&$A28&"|"&$B28&"|"&C$2&"|"&C$3,'results'!$R:$S,2,FALSE),"?") -> E | D28: =IFERROR(VLOOKUP($A$22&"|"&$A28&"|"&$B28&"|"&D$2&"|"&D$3,'results'!$R:$S,2,FALSE),"?") -> E | E28: =IFERROR(VLOOKUP($A$22&"|"&$A28&"|"&$B28&"|"&E$2&"|"&E$3,'results'!$R:$S,2,FALSE),"?") -> E | F28: =IFERROR(VLOOKUP($A$22&"|"&$A28&"|"&$B28&"|"&F$2&"|"&F$3,'results'!$R:$S,2,FALSE),"?") -> M | G28: =IFERROR(VLOOKUP($A$22&"|"&$A28&"|"&$B28&"|"&G$2&"|"&G$3,'results'!$R:$S,2,FALSE),"?") -> E | H28: =IFERROR(VLOOKUP($A$22&"|"&$A28&"|"&$B28&"|"&H$2&"|"&H$3,'results'!$R:$S,2,FALSE),"?") -> M | I28: =IFERROR(VLOOKUP($A$22&"|"&$A28&"|"&$B28&"|"&I$2&"|"&I$3,'results'!$R:$S,2,FALSE),"?") -> M | J28: =IFERROR(VLOOKUP($A$22&"|"&$A28&"|"&$B28&"|"&J$2&"|"&J$3,'results'!$R:$S,2,FALSE),"?") -> E | K28: =IFERROR(VLOOKUP($A$22&"|"&$A28&"|"&$B28&"|"&K$2&"|"&K$3,'results'!$R:$S,2,FALSE),"?") -> M
A29: A1b | B29: B1a | C29: =IFERROR(VLOOKUP($A$22&"|"&$A29&"|"&$B29&"|"&C$2&"|"&C$3,'results'!$R:$S,2,FALSE),"?") -> P | D29: =IFERROR(VLOOKUP($A$22&"|"&$A29&"|"&$B29&"|"&D$2&"|"&D$3,'results'!$R:$S,2,FALSE),"?") -> P | E29: =IFERROR(VLOOKUP($A$22&"|"&$A29&"|"&$B29&"|"&E$2&"|"&E$3,'results'!$R:$S,2,FALSE),"?") -> P | F29: =IFERROR(VLOOKUP($A$22&"|"&$A29&"|"&$B29&"|"&F$2&"|"&F$3,'results'!$R:$S,2,FALSE),"?") -> M | G29: =IFERROR(VLOOKUP($A$22&"|"&$A29&"|"&$B29&"|"&G$2&"|"&G$3,'results'!$R:$S,2,FALSE),"?") -> M | H29: =IFERROR(VLOOKUP($A$22&"|"&$A29&"|"&$B29&"|"&H$2&"|"&H$3,'results'!$R:$S,2,FALSE),"?") -> M | I29: =IFERROR(VLOOKUP($A$22&"|"&$A29&"|"&$B29&"|"&I$2&"|"&I$3,'results'!$R:$S,2,FALSE),"?") -> M | J29: =IFERROR(VLOOKUP($A$22&"|"&$A29&"|"&$B29&"|"&J$2&"|"&J$3,'results'!$R:$S,2,FALSE),"?") -> M | K29: =IFERROR(VLOOKUP($A$22&"|"&$A29&"|"&$B29&"|"&K$2&"|"&K$3,'results'!$R:$S,2,FALSE),"?") -> M
A30: A1b | B30: B1b | C30: =IFERROR(VLOOKUP($A$22&"|"&$A30&"|"&$B30&"|"&C$2&"|"&C$3,'results'!$R:$S,2,FALSE),"?") -> P | D30: =IFERROR(VLOOKUP($A$22&"|"&$A30&"|"&$B30&"|"&D$2&"|"&D$3,'results'!$R:$S,2,FALSE),"?") -> P | E30: =IFERROR(VLOOKUP($A$22&"|"&$A30&"|"&$B30&"|"&E$2&"|"&E$3,'results'!$R:$S,2,FALSE),"?") -> P | F30: =IFERROR(VLOOKUP($A$22&"|"&$A30&"|"&$B30&"|"&F$2&"|"&F$3,'results'!$R:$S,2,FALSE),"?") -> M | G30: =IFERROR(VLOOKUP($A$22&"|"&$A30&"|"&$B30&"|"&G$2&"|"&G$3,'results'!$R:$S,2,FALSE),"?") -> M | H30: =IFERROR(VLOOKUP($A$22&"|"&$A30&"|"&$B30&"|"&H$2&"|"&H$3,'results'!$R:$S,2,FALSE),"?") -> M | I30: =IFERROR(VLOOKUP($A$22&"|"&$A30&"|"&$B30&"|"&I$2&"|"&I$3,'results'!$R:$S,2,FALSE),"?") -> M | J30: =IFERROR(VLOOKUP($A$22&"|"&$A30&"|"&$B30&"|"&J$2&"|"&J$3,'results'!$R:$S,2,FALSE),"?") -> M | K30: =IFERROR(VLOOKUP($A$22&"|"&$A30&"|"&$B30&"|"&K$2&"|"&K$3,'results'!$R:$S,2,FALSE),"?") -> M
A31: A1b | B31: B1c | C31: =IFERROR(VLOOKUP($A$22&"|"&$A31&"|"&$B31&"|"&C$2&"|"&C$3,'results'!$R:$S,2,FALSE),"?") -> P | D31: =IFERROR(VLOOKUP($A$22&"|"&$A31&"|"&$B31&"|"&D$2&"|"&D$3,'results'!$R:$S,2,FALSE),"?") -> P | E31: =IFERROR(VLOOKUP($A$22&"|"&$A31&"|"&$B31&"|"&E$2&"|"&E$3,'results'!$R:$S,2,FALSE),"?") -> P | F31: =IFERROR(VLOOKUP($A$22&"|"&$A31&"|"&$B31&"|"&F$2&"|"&F$3,'results'!$R:$S,2,FALSE),"?") -> M | G31: =IFERROR(VLOOKUP($A$22&"|"&$A31&"|"&$B31&"|"&G$2&"|"&G$3,'results'!$R:$S,2,FALSE),"?") -> M | H31: =IFERROR(VLOOKUP($A$22&"|"&$A31&"|"&$B31&"|"&H$2&"|"&H$3,'results'!$R:$S,2,FALSE),"?") -> M | I31: =IFERROR(VLOOKUP($A$22&"|"&$A31&"|"&$B31&"|"&I$2&"|"&I$3,'results'!$R:$S,2,FALSE),"?") -> M | J31: =IFERROR(VLOOKUP($A$22&"|"&$A31&"|"&$B31&"|"&J$2&"|"&J$3,'results'!$R:$S,2,FALSE),"?") -> M | K31: =IFERROR(VLOOKUP($A$22&"|"&$A31&"|"&$B31&"|"&K$2&"|"&K$3,'results'!$R:$S,2,FALSE),"?") -> M
A32: A1b | B32: B1d | C32: =IFERROR(VLOOKUP($A$22&"|"&$A32&"|"&$B32&"|"&C$2&"|"&C$3,'results'!$R:$S,2,FALSE),"?") -> E | D32: =IFERROR(VLOOKUP($A$22&"|"&$A32&"|"&$B32&"|"&D$2&"|"&D$3,'results'!$R:$S,2,FALSE),"?") -> E | E32: =IFERROR(VLOOKUP($A$22&"|"&$A32&"|"&$B32&"|"&E$2&"|"&E$3,'results'!$R:$S,2,FALSE),"?") -> E | F32: =IFERROR(VLOOKUP($A$22&"|"&$A32&"|"&$B32&"|"&F$2&"|"&F$3,'results'!$R:$S,2,FALSE),"?") -> M | G32: =IFERROR(VLOOKUP($A$22&"|"&$A32&"|"&$B32&"|"&G$2&"|"&G$3,'results'!$R:$S,2,FALSE),"?") -> E | H32: =IFERROR(VLOOKUP($A$22&"|"&$A32&"|"&$B32&"|"&H$2&"|"&H$3,'results'!$R:$S,2,FALSE),"?") -> M | I32: =IFERROR(VLOOKUP($A$22&"|"&$A32&"|"&$B32&"|"&I$2&"|"&I$3,'results'!$R:$S,2,FALSE),"?") -> M | J32: =IFERROR(VLOOKUP($A$22&"|"&$A32&"|"&$B32&"|"&J$2&"|"&J$3,'results'!$R:$S,2,FALSE),"?") -> E | K32: =IFERROR(VLOOKUP($A$22&"|"&$A32&"|"&$B32&"|"&K$2&"|"&K$3,'results'!$R:$S,2,FALSE),"?") -> M
A33: A2 | B33: B1a | C33: =IFERROR(VLOOKUP($A$22&"|"&$A33&"|"&$B33&"|"&C$2&"|"&C$3,'results'!$R:$S,2,FALSE),"?") -> E | D33: =IFERROR(VLOOKUP($A$22&"|"&$A33&"|"&$B33&"|"&D$2&"|"&D$3,'results'!$R:$S,2,FALSE),"?") -> E | E33: =IFERROR(VLOOKUP($A$22&"|"&$A33&"|"&$B33&"|"&E$2&"|"&E$3,'results'!$R:$S,2,FALSE),"?") -> E | F33: =IFERROR(VLOOKUP($A$22&"|"&$A33&"|"&$B33&"|"&F$2&"|"&F$3,'results'!$R:$S,2,FALSE),"?") -> E | G33: =IFERROR(VLOOKUP($A$22&"|"&$A33&"|"&$B33&"|"&G$2&"|"&G$3,'results'!$R:$S,2,FALSE),"?") -> E | H33: =IFERROR(VLOOKUP($A$22&"|"&$A33&"|"&$B33&"|"&H$2&"|"&H$3,'results'!$R:$S,2,FALSE),"?") -> E | I33: =IFERROR(VLOOKUP($A$22&"|"&$A33&"|"&$B33&"|"&I$2&"|"&I$3,'results'!$R:$S,2,FALSE),"?") -> E | J33: =IFERROR(VLOOKUP($A$22&"|"&$A33&"|"&$B33&"|"&J$2&"|"&J$3,'results'!$R:$S,2,FALSE),"?") -> E | K33: =IFERROR(VLOOKUP($A$22&"|"&$A33&"|"&$B33&"|"&K$2&"|"&K$3,'results'!$R:$S,2,FALSE),"?") -> E
A34: A2 | B34: B1b | C34: =IFERROR(VLOOKUP($A$22&"|"&$A34&"|"&$B34&"|"&C$2&"|"&C$3,'results'!$R:$S,2,FALSE),"?") -> P | D34: =IFERROR(VLOOKUP($A$22&"|"&$A34&"|"&$B34&"|"&D$2&"|"&D$3,'results'!$R:$S,2,FALSE),"?") -> P | E34: =IFERROR(VLOOKUP($A$22&"|"&$A34&"|"&$B34&"|"&E$2&"|"&E$3,'results'!$R:$S,2,FALSE),"?") -> P | F34: =IFERROR(VLOOKUP($A$22&"|"&$A34&"|"&$B34&"|"&F$2&"|"&F$3,'results'!$R:$S,2,FALSE),"?") -> M | G34: =IFERROR(VLOOKUP($A$22&"|"&$A34&"|"&$B34&"|"&G$2&"|"&G$3,'results'!$R:$S,2,FALSE),"?") -> M | H34: =IFERROR(VLOOKUP($A$22&"|"&$A34&"|"&$B34&"|"&H$2&"|"&H$3,'results'!$R:$S,2,FALSE),"?") -> M | I34: =IFERROR(VLOOKUP($A$22&"|"&$A34&"|"&$B34&"|"&I$2&"|"&I$3,'results'!$R:$S,2,FALSE),"?") -> M | J34: =IFERROR(VLOOKUP($A$22&"|"&$A34&"|"&$B34&"|"&J$2&"|"&J$3,'results'!$R:$S,2,FALSE),"?") -> M | K34: =IFERROR(VLOOKUP($A$22&"|"&$A34&"|"&$B34&"|"&K$2&"|"&K$3,'results'!$R:$S,2,FALSE),"?") -> M
A35: A2 | B35: B1c | C35: =IFERROR(VLOOKUP($A$22&"|"&$A35&"|"&$B35&"|"&C$2&"|"&C$3,'results'!$R:$S,2,FALSE),"?") -> P | D35: =IFERROR(VLOOKUP($A$22&"|"&$A35&"|"&$B35&"|"&D$2&"|"&D$3,'results'!$R:$S,2,FALSE),"?") -> P | E35: =IFERROR(VLOOKUP($A$22&"|"&$A35&"|"&$B35&"|"&E$2&"|"&E$3,'results'!$R:$S,2,FALSE),"?") -> P | F35: =IFERROR(VLOOKUP($A$22&"|"&$A35&"|"&$B35&"|"&F$2&"|"&F$3,'results'!$R:$S,2,FALSE),"?") -> M | G35: =IFERROR(VLOOKUP($A$22&"|"&$A35&"|"&$B35&"|"&G$2&"|"&G$3,'results'!$R:$S,2,FALSE),"?") -> M | H35: =IFERROR(VLOOKUP($A$22&"|"&$A35&"|"&$B35&"|"&H$2&"|"&H$3,'results'!$R:$S,2,FALSE),"?") -> M | I35: =IFERROR(VLOOKUP($A$22&"|"&$A35&"|"&$B35&"|"&I$2&"|"&I$3,'results'!$R:$S,2,FALSE),"?") -> M | J35: =IFERROR(VLOOKUP($A$22&"|"&$A35&"|"&$B35&"|"&J$2&"|"&J$3,'results'!$R:$S,2,FALSE),"?") -> M | K35: =IFERROR(VLOOKUP($A$22&"|"&$A35&"|"&$B35&"|"&K$2&"|"&K$3,'results'!$R:$S,2,FALSE),"?") -> M
A36: A2 | B36: B1d | C36: =IFERROR(VLOOKUP($A$22&"|"&$A36&"|"&$B36&"|"&C$2&"|"&C$3,'results'!$R:$S,2,FALSE),"?") -> E | D36: =IFERROR(VLOOKUP($A$22&"|"&$A36&"|"&$B36&"|"&D$2&"|"&D$3,'results'!$R:$S,2,FALSE),"?") -> E | E36: =IFERROR(VLOOKUP($A$22&"|"&$A36&"|"&$B36&"|"&E$2&"|"&E$3,'results'!$R:$S,2,FALSE),"?") -> E | F36: =IFERROR(VLOOKUP($A$22&"|"&$A36&"|"&$B36&"|"&F$2&"|"&F$3,'results'!$R:$S,2,FALSE),"?") -> M | G36: =IFERROR(VLOOKUP($A$22&"|"&$A36&"|"&$B36&"|"&G$2&"|"&G$3,'results'!$R:$S,2,FALSE),"?") -> E | H36: =IFERROR(VLOOKUP($A$22&"|"&$A36&"|"&$B36&"|"&H$2&"|"&H$3,'results'!$R:$S,2,FALSE),"?") -> M | I36: =IFERROR(VLOOKUP($A$22&"|"&$A36&"|"&$B36&"|"&I$2&"|"&I$3,'results'!$R:$S,2,FALSE),"?") -> M | J36: =IFERROR(VLOOKUP($A$22&"|"&$A36&"|"&$B36&"|"&J$2&"|"&J$3,'results'!$R:$S,2,FALSE),"?") -> E | K36: =IFERROR(VLOOKUP($A$22&"|"&$A36&"|"&$B36&"|"&K$2&"|"&K$3,'results'!$R:$S,2,FALSE),"?") -> M
... A40: A3 | B40: B1d | C40: =IFERROR(VLOOKUP($A$22&"|"&$A40&"|"&$B40&"|"&C$2&"|"&C$3,'results'!$R:$S,2,FALSE),"?") -> E | D40: =IFERROR(VLOOKUP($A$22&"|"&$A40&"|"&$B40&"|"&D$2&"|"&D$3,'results'!$R:$S,2,FALSE),"?") -> E | E40: =IFERROR(VLOOKUP($A$22&"|"&$A40&"|"&$B40&"|"&E$2&"|"&E$3,'results'!$R:$S,2,FALSE),"?") -> E | F40: =IFERROR(VLOOKUP($A$22&"|"&$A40&"|"&$B40&"|"&F$2&"|"&F$3,'results'!$R:$S,2,FALSE),"?") -> M | G40: =IFERROR(VLOOKUP($A$22&"|"&$A40&"|"&$B40&"|"&G$2&"|"&G$3,'results'!$R:$S,2,FALSE),"?") -> E | H40: =IFERROR(VLOOKUP($A$22&"|"&$A40&"|"&$B40&"|"&H$2&"|"&H$3,'results'!$R:$S,2,FALSE),"?") -> M | I40: =IFERROR(VLOOKUP($A$22&"|"&$A40&"|"&$B40&"|"&I$2&"|"&I$3,'results'!$R:$S,2,FALSE),"?") -> M | J40: =IFERROR(VLOOKUP($A$22&"|"&$A40&"|"&$B40&"|"&J$2&"|"&J$3,'results'!$R:$S,2,FALSE),"?") -> E | K40: =IFERROR(VLOOKUP($A$22&"|"&$A40&"|"&$B40&"|"&K$2&"|"&K$3,'results'!$R:$S,2,FALSE),"?") -> M
A43: java
C44: B2a | D44: B2a | E44: B2a | F44: B2b | G44: B2b | H44: B2b | I44: B2c | J44: B2c | K44: B2c
C45: C1a | D45: C1b | E45: C1c | F45: C1a | G45: C1b | H45: C1c | I45: C1a | J45: C1b | K45: C1c
A46: A1a | B46: B1a | C46: =IFERROR(VLOOKUP($A$43&"|"&$A46&"|"&$B46&"|"&C$2&"|"&C$3,'results'!$R:$S,2,FALSE),"?") -> P | D46: =IFERROR(VLOOKUP($A$43&"|"&$A46&"|"&$B46&"|"&D$2&"|"&D$3,'results'!$R:$S,2,FALSE),"?") -> P | E46: =IFERROR(VLOOKUP($A$43&"|"&$A46&"|"&$B46&"|"&E$2&"|"&E$3,'results'!$R:$S,2,FALSE),"?") -> P | F46: =IFERROR(VLOOKUP($A$43&"|"&$A46&"|"&$B46&"|"&F$2&"|"&F$3,'results'!$R:$S,2,FALSE),"?") -> M | G46: =IFERROR(VLOOKUP($A$43&"|"&$A46&"|"&$B46&"|"&G$2&"|"&G$3,'results'!$R:$S,2,FALSE),"?") -> M | H46: =IFERROR(VLOOKUP($A$43&"|"&$A46&"|"&$B46&"|"&H$2&"|"&H$3,'results'!$R:$S,2,FALSE),"?") -> M | I46: =IFERROR(VLOOKUP($A$43&"|"&$A46&"|"&$B46&"|"&I$2&"|"&I$3,'results'!$R:$S,2,FALSE),"?") -> - | J46: =IFERROR(VLOOKUP($A$43&"|"&$A46&"|"&$B46&"|"&J$2&"|"&J$3,'results'!$R:$S,2,FALSE),"?") -> - | K46: =IFERROR(VLOOKUP($A$43&"|"&$A46&"|"&$B46&"|"&K$2&"|"&K$3,'results'!$R:$S,2,FALSE),"?") -> -
A47: A1a | B47: B1b | C47: =IFERROR(VLOOKUP($A$43&"|"&$A47&"|"&$B47&"|"&C$2&"|"&C$3,'results'!$R:$S,2,FALSE),"?") -> P | D47: =IFERROR(VLOOKUP($A$43&"|"&$A47&"|"&$B47&"|"&D$2&"|"&D$3,'results'!$R:$S,2,FALSE),"?") -> P | E47: =IFERROR(VLOOKUP($A$43&"|"&$A47&"|"&$B47&"|"&E$2&"|"&E$3,'results'!$R:$S,2,FALSE),"?") -> P | F47: =IFERROR(VLOOKUP($A$43&"|"&$A47&"|"&$B47&"|"&F$2&"|"&F$3,'results'!$R:$S,2,FALSE),"?") -> M | G47: =IFERROR(VLOOKUP($A$43&"|"&$A47&"|"&$B47&"|"&G$2&"|"&G$3,'results'!$R:$S,2,FALSE),"?") -> M | H47: =IFERROR(VLOOKUP($A$43&"|"&$A47&"|"&$B47&"|"&H$2&"|"&H$3,'results'!$R:$S,2,FALSE),"?") -> M | I47: =IFERROR(VLOOKUP($A$43&"|"&$A47&"|"&$B47&"|"&I$2&"|"&I$3,'results'!$R:$S,2,FALSE),"?") -> - | J47: =IFERROR(VLOOKUP($A$43&"|"&$A47&"|"&$B47&"|"&J$2&"|"&J$3,'results'!$R:$S,2,FALSE),"?") -> - | K47: =IFERROR(VLOOKUP($A$43&"|"&$A47&"|"&$B47&"|"&K$2&"|"&K$3,'results'!$R:$S,2,FALSE),"?") -> -
A48: A1a | B48: B1c | C48: =IFERROR(VLOOKUP($A$43&"|"&$A48&"|"&$B48&"|"&C$2&"|"&C$3,'results'!$R:$S,2,FALSE),"?") -> P | D48: =IFERROR(VLOOKUP($A$43&"|"&$A48&"|"&$B48&"|"&D$2&"|"&D$3,'results'!$R:$S,2,FALSE),"?") -> P | E48: =IFERROR(VLOOKUP($A$43&"|"&$A48&"|"&$B48&"|"&E$2&"|"&E$3,'results'!$R:$S,2,FALSE),"?") -> P | F48: =IFERROR(VLOOKUP($A$43&"|"&$A48&"|"&$B48&"|"&F$2&"|"&F$3,'results'!$R:$S,2,FALSE),"?") -> M | G48: =IFERROR(VLOOKUP($A$43&"|"&$A48&"|"&$B48&"|"&G$2&"|"&G$3,'results'!$R:$S,2,FALSE),"?") -> M | H48: =IFERROR(VLOOKUP($A$43&"|"&$A48&"|"&$B48&"|"&H$2&"|"&H$3,'results'!$R:$S,2,FALSE),"?") -> M | I48: =IFERROR(VLOOKUP($A$43&"|"&$A48&"|"&$B48&"|"&I$2&"|"&I$3,'results'!$R:$S,2,FALSE),"?") -> - | J48: =IFERROR(VLOOKUP($A$43&"|"&$A48&"|"&$B48&"|"&J$2&"|"&J$3,'results'!$R:$S,2,FALSE),"?") -> - | K48: =IFERROR(VLOOKUP($A$43&"|"&$A48&"|"&$B48&"|"&K$2&"|"&K$3,'results'!$R:$S,2,FALSE),"?") -> -
A49: A1a | B49: B1d | C49: =IFERROR(VLOOKUP($A$43&"|"&$A49&"|"&$B49&"|"&C$2&"|"&C$3,'results'!$R:$S,2,FALSE),"?") -> E | D49: =IFERROR(VLOOKUP($A$43&"|"&$A49&"|"&$B49&"|"&D$2&"|"&D$3,'results'!$R:$S,2,FALSE),"?") -> E | E49: =IFERROR(VLOOKUP($A$43&"|"&$A49&"|"&$B49&"|"&E$2&"|"&E$3,'results'!$R:$S,2,FALSE),"?") -> E | F49: =IFERROR(VLOOKUP($A$43&"|"&$A49&"|"&$B49&"|"&F$2&"|"&F$3,'results'!$R:$S,2,FALSE),"?") -> M | G49: =IFERROR(VLOOKUP($A$43&"|"&$A49&"|"&$B49&"|"&G$2&"|"&G$3,'results'!$R:$S,2,FALSE),"?") -> M | H49: =IFERROR(VLOOKUP($A$43&"|"&$A49&"|"&$B49&"|"&H$2&"|"&H$3,'results'!$R:$S,2,FALSE),"?") -> M | I49: =IFERROR(VLOOKUP($A$43&"|"&$A49&"|"&$B49&"|"&I$2&"|"&I$3,'results'!$R:$S,2,FALSE),"?") -> - | J49: =IFERROR(VLOOKUP($A$43&"|"&$A49&"|"&$B49&"|"&J$2&"|"&J$3,'results'!$R:$S,2,FALSE),"?") -> - | K49: =IFERROR(VLOOKUP($A$43&"|"&$A49&"|"&$B49&"|"&K$2&"|"&K$3,'results'!$R:$S,2,FALSE),"?") -> -
A50: A1b | B50: B1a | C50: =IFERROR(VLOOKUP($A$43&"|"&$A50&"|"&$B50&"|"&C$2&"|"&C$3,'results'!$R:$S,2,FALSE),"?") -> P | D50: =IFERROR(VLOOKUP($A$43&"|"&$A50&"|"&$B50&"|"&D$2&"|"&D$3,'results'!$R:$S,2,FALSE),"?") -> P | E50: =IFERROR(VLOOKUP($A$43&"|"&$A50&"|"&$B50&"|"&E$2&"|"&E$3,'results'!$R:$S,2,FALSE),"?") -> P | F50: =IFERROR(VLOOKUP($A$43&"|"&$A50&"|"&$B50&"|"&F$2&"|"&F$3,'results'!$R:$S,2,FALSE),"?") -> M | G50: =IFERROR(VLOOKUP($A$43&"|"&$A50&"|"&$B50&"|"&G$2&"|"&G$3,'results'!$R:$S,2,FALSE),"?") -> M | H50: =IFERROR(VLOOKUP($A$43&"|"&$A50&"|"&$B50&"|"&H$2&"|"&H$3,'results'!$R:$S,2,FALSE),"?") -> M | I50: =IFERROR(VLOOKUP($A$43&"|"&$A50&"|"&$B50&"|"&I$2&"|"&I$3,'results'!$R:$S,2,FALSE),"?") -> - | J50: =IFERROR(VLOOKUP($A$43&"|"&$A50&"|"&$B50&"|"&J$2&"|"&J$3,'results'!$R:$S,2,FALSE),"?") -> - | K50: =IFERROR(VLOOKUP($A$43&"|"&$A50&"|"&$B50&"|"&K$2&"|"&K$3,'results'!$R:$S,2,FALSE),"?") -> -
A51: A1b | B51: B1b | C51: =IFERROR(VLOOKUP($A$43&"|"&$A51&"|"&$B51&"|"&C$2&"|"&C$3,'results'!$R:$S,2,FALSE),"?") -> P | D51: =IFERROR(VLOOKUP($A$43&"|"&$A51&"|"&$B51&"|"&D$2&"|"&D$3,'results'!$R:$S,2,FALSE),"?") -> P | E51: =IFERROR(VLOOKUP($A$43&"|"&$A51&"|"&$B51&"|"&E$2&"|"&E$3,'results'!$R:$S,2,FALSE),"?") -> P | F51: =IFERROR(VLOOKUP($A$43&"|"&$A51&"|"&$B51&"|"&F$2&"|"&F$3,'results'!$R:$S,2,FALSE),"?") -> M | G51: =IFERROR(VLOOKUP($A$43&"|"&$A51&"|"&$B51&"|"&G$2&"|"&G$3,'results'!$R:$S,2,FALSE),"?") -> M | H51: =IFERROR(VLOOKUP($A$43&"|"&$A51&"|"&$B51&"|"&H$2&"|"&H$3,'results'!$R:$S,2,FALSE),"?") -> M | I51: =IFERROR(VLOOKUP($A$43&"|"&$A51&"|"&$B51&"|"&I$2&"|"&I$3,'results'!$R:$S,2,FALSE),"?") -> - | J51: =IFERROR(VLOOKUP($A$43&"|"&$A51&"|"&$B51&"|"&J$2&"|"&J$3,'results'!$R:$S,2,FALSE),"?") -> - | K51: =IFERROR(VLOOKUP($A$43&"|"&$A51&"|"&$B51&"|"&K$2&"|"&K$3,'results'!$R:$S,2,FALSE),"?") -> -
A52: A1b | B52: B1c | C52: =IFERROR(VLOOKUP($A$43&"|"&$A52&"|"&$B52&"|"&C$2&"|"&C$3,'results'!$R:$S,2,FALSE),"?") -> P | D52: =IFERROR(VLOOKUP($A$43&"|"&$A52&"|"&$B52&"|"&D$2&"|"&D$3,'results'!$R:$S,2,FALSE),"?") -> P | E52: =IFERROR(VLOOKUP($A$43&"|"&$A52&"|"&$B52&"|"&E$2&"|"&E$3,'results'!$R:$S,2,FALSE),"?") -> P | F52: =IFERROR(VLOOKUP($A$43&"|"&$A52&"|"&$B52&"|"&F$2&"|"&F$3,'results'!$R:$S,2,FALSE),"?") -> M | G52: =IFERROR(VLOOKUP($A$43&"|"&$A52&"|"&$B52&"|"&G$2&"|"&G$3,'results'!$R:$S,2,FALSE),"?") -> M | H52: =IFERROR(VLOOKUP($A$43&"|"&$A52&"|"&$B52&"|"&H$2&"|"&H$3,'results'!$R:$S,2,FALSE),"?") -> M | I52: =IFERROR(VLOOKUP($A$43&"|"&$A52&"|"&$B52&"|"&I$2&"|"&I$3,'results'!$R:$S,2,FALSE),"?") -> - | J52: =IFERROR(VLOOKUP($A$43&"|"&$A52&"|"&$B52&"|"&J$2&"|"&J$3,'results'!$R:$S,2,FALSE),"?") -> - | K52: =IFERROR(VLOOKUP($A$43&"|"&$A52&"|"&$B52&"|"&K$2&"|"&K$3,'results'!$R:$S,2,FALSE),"?") -> -
A53: A1b | B53: B1d | C53: =IFERROR(VLOOKUP($A$43&"|"&$A53&"|"&$B53&"|"&C$2&"|"&C$3,'results'!$R:$S,2,FALSE),"?") -> E | D53: =IFERROR(VLOOKUP($A$43&"|"&$A53&"|"&$B53&"|"&D$2&"|"&D$3,'results'!$R:$S,2,FALSE),"?") -> E | E53: =IFERROR(VLOOKUP($A$43&"|"&$A53&"|"&$B53&"|"&E$2&"|"&E$3,'results'!$R:$S,2,FALSE),"?") -> E | F53: =IFERROR(VLOOKUP($A$43&"|"&$A53&"|"&$B53&"|"&F$2&"|"&F$3,'results'!$R:$S,2,FALSE),"?") -> M | G53: =IFERROR(VLOOKUP($A$43&"|"&$A53&"|"&$B53&"|"&G$2&"|"&G$3,'results'!$R:$S,2,FALSE),"?") -> M | H53: =IFERROR(VLOOKUP($A$43&"|"&$A53&"|"&$B53&"|"&H$2&"|"&H$3,'results'!$R:$S,2,FALSE),"?") -> M | I53: =IFERROR(VLOOKUP($A$43&"|"&$A53&"|"&$B53&"|"&I$2&"|"&I$3,'results'!$R:$S,2,FALSE),"?") -> - | J53: =IFERROR(VLOOKUP($A$43&"|"&$A53&"|"&$B53&"|"&J$2&"|"&J$3,'results'!$R:$S,2,FALSE),"?") -> - | K53: =IFERROR(VLOOKUP($A$43&"|"&$A53&"|"&$B53&"|"&K$2&"|"&K$3,'results'!$R:$S,2,FALSE),"?") -> -
A54: A2 | B54: B1a | C54: =IFERROR(VLOOKUP($A$43&"|"&$A54&"|"&$B54&"|"&C$2&"|"&C$3,'results'!$R:$S,2,FALSE),"?") -> E | D54: =IFERROR(VLOOKUP($A$43&"|"&$A54&"|"&$B54&"|"&D$2&"|"&D$3,'results'!$R:$S,2,FALSE),"?") -> P | E54: =IFERROR(VLOOKUP($A$43&"|"&$A54&"|"&$B54&"|"&E$2&"|"&E$3,'results'!$R:$S,2,FALSE),"?") -> E | F54: =IFERROR(VLOOKUP($A$43&"|"&$A54&"|"&$B54&"|"&F$2&"|"&F$3,'results'!$R:$S,2,FALSE),"?") -> E | G54: =IFERROR(VLOOKUP($A$43&"|"&$A54&"|"&$B54&"|"&G$2&"|"&G$3,'results'!$R:$S,2,FALSE),"?") -> P | H54: =IFERROR(VLOOKUP($A$43&"|"&$A54&"|"&$B54&"|"&H$2&"|"&H$3,'results'!$R:$S,2,FALSE),"?") -> E | I54: =IFERROR(VLOOKUP($A$43&"|"&$A54&"|"&$B54&"|"&I$2&"|"&I$3,'results'!$R:$S,2,FALSE),"?") -> - | J54: =IFERROR(VLOOKUP($A$43&"|"&$A54&"|"&$B54&"|"&J$2&"|"&J$3,'results'!$R:$S,2,FALSE),"?") -> - | K54: =IFERROR(VLOOKUP($A$43&"|"&$A54&"|"&$B54&"|"&K$2&"|"&K$3,'results'!$R:$S,2,FALSE),"?") -> -
A55: A2 | B55: B1b | C55: =IFERROR(VLOOKUP($A$43&"|"&$A55&"|"&$B55&"|"&C$2&"|"&C$3,'results'!$R:$S,2,FALSE),"?") -> P | D55: =IFERROR(VLOOKUP($A$43&"|"&$A55&"|"&$B55&"|"&D$2&"|"&D$3,'results'!$R:$S,2,FALSE),"?") -> P | E55: =IFERROR(VLOOKUP($A$43&"|"&$A55&"|"&$B55&"|"&E$2&"|"&E$3,'results'!$R:$S,2,FALSE),"?") -> P | F55: =IFERROR(VLOOKUP($A$43&"|"&$A55&"|"&$B55&"|"&F$2&"|"&F$3,'results'!$R:$S,2,FALSE),"?") -> M | G55: =IFERROR(VLOOKUP($A$43&"|"&$A55&"|"&$B55&"|"&G$2&"|"&G$3,'results'!$R:$S,2,FALSE),"?") -> M | H55: =IFERROR(VLOOKUP($A$43&"|"&$A55&"|"&$B55&"|"&H$2&"|"&H$3,'results'!$R:$S,2,FALSE),"?") -> M | I55: =IFERROR(VLOOKUP($A$43&"|"&$A55&"|"&$B55&"|"&I$2&"|"&I$3,'results'!$R:$S,2,FALSE),"?") -> - | J55: =IFERROR(VLOOKUP($A$43&"|"&$A55&"|"&$B55&"|"&J$2&"|"&J$3,'results'!$R:$S,2,FALSE),"?") -> - | K55: =IFERROR(VLOOKUP($A$43&"|"&$A55&"|"&$B55&"|"&K$2&"|"&K$3,'results'!$R:$S,2,FALSE),"?") -> -
A56: A2 | B56: B1c | C56: =IFERROR(VLOOKUP($A$43&"|"&$A56&"|"&$B56&"|"&C$2&"|"&C$3,'results'!$R:$S,2,FALSE),"?") -> P | D56: =IFERROR(VLOOKUP($A$43&"|"&$A56&"|"&$B56&"|"&D$2&"|"&D$3,'results'!$R:$S,2,FALSE),"?") -> P | E56: =IFERROR(VLOOKUP($A$43&"|"&$A56&"|"&$B56&"|"&E$2&"|"&E$3,'results'!$R:$S,2,FALSE),"?") -> P | F56: =IFERROR(VLOOKUP($A$43&"|"&$A56&"|"&$B56&"|"&F$2&"|"&F$3,'results'!$R:$S,2,FALSE),"?") -> M | G56: =IFERROR(VLOOKUP($A$43&"|"&$A56&"|"&$B56&"|"&G$2&"|"&G$3,'results'!$R:$S,2,FALSE),"?") -> M | H56: =IFERROR(VLOOKUP($A$43&"|"&$A56&"|"&$B56&"|"&H$2&"|"&H$3,'results'!$R:$S,2,FALSE),"?") -> M | I56: =IFERROR(VLOOKUP($A$43&"|"&$A56&"|"&$B56&"|"&I$2&"|"&I$3,'results'!$R:$S,2,FALSE),"?") -> - | J56: =IFERROR(VLOOKUP($A$43&"|"&$A56&"|"&$B56&"|"&J$2&"|"&J$3,'results'!$R:$S,2,FALSE),"?") -> - | K56: =IFERROR(VLOOKUP($A$43&"|"&$A56&"|"&$B56&"|"&K$2&"|"&K$3,'results'!$R:$S,2,FALSE),"?") -> -
A57: A2 | B57: B1d | C57: =IFERROR(VLOOKUP($A$43&"|"&$A57&"|"&$B57&"|"&C$2&"|"&C$3,'results'!$R:$S,2,FALSE),"?") -> E | D57: =IFERROR(VLOOKUP($A$43&"|"&$A57&"|"&$B57&"|"&D$2&"|"&D$3,'results'!$R:$S,2,FALSE),"?") -> E | E57: =IFERROR(VLOOKUP($A$43&"|"&$A57&"|"&$B57&"|"&E$2&"|"&E$3,'results'!$R:$S,2,FALSE),"?") -> E | F57: =IFERROR(VLOOKUP($A$43&"|"&$A57&"|"&$B57&"|"&F$2&"|"&F$3,'results'!$R:$S,2,FALSE),"?") -> M | G57: =IFERROR(VLOOKUP($A$43&"|"&$A57&"|"&$B57&"|"&G$2&"|"&G$3,'results'!$R:$S,2,FALSE),"?") -> M | H57: =IFERROR(VLOOKUP($A$43&"|"&$A57&"|"&$B57&"|"&H$2&"|"&H$3,'results'!$R:$S,2,FALSE),"?") -> M | I57: =IFERROR(VLOOKUP($A$43&"|"&$A57&"|"&$B57&"|"&I$2&"|"&I$3,'results'!$R:$S,2,FALSE),"?") -> - | J57: =IFERROR(VLOOKUP($A$43&"|"&$A57&"|"&$B57&"|"&J$2&"|"&J$3,'results'!$R:$S,2,FALSE),"?") -> - | K57: =IFERROR(VLOOKUP($A$43&"|"&$A57&"|"&$B57&"|"&K$2&"|"&K$3,'results'!$R:$S,2,FALSE),"?") -> -
... A61: A3 | B61: B1d | C61: =IFERROR(VLOOKUP($A$43&"|"&$A61&"|"&$B61&"|"&C$2&"|"&C$3,'results'!$R:$S,2,FALSE),"?") -> E | D61: =IFERROR(VLOOKUP($A$43&"|"&$A61&"|"&$B61&"|"&D$2&"|"&D$3,'results'!$R:$S,2,FALSE),"?") -> E | E61: =IFERROR(VLOOKUP($A$43&"|"&$A61&"|"&$B61&"|"&E$2&"|"&E$3,'results'!$R:$S,2,FALSE),"?") -> E | F61: =IFERROR(VLOOKUP($A$43&"|"&$A61&"|"&$B61&"|"&F$2&"|"&F$3,'results'!$R:$S,2,FALSE),"?") -> M | G61: =IFERROR(VLOOKUP($A$43&"|"&$A61&"|"&$B61&"|"&G$2&"|"&G$3,'results'!$R:$S,2,FALSE),"?") -> M | H61: =IFERROR(VLOOKUP($A$43&"|"&$A61&"|"&$B61&"|"&H$2&"|"&H$3,'results'!$R:$S,2,FALSE),"?") -> M | I61: =IFERROR(VLOOKUP($A$43&"|"&$A61&"|"&$B61&"|"&I$2&"|"&I$3,'results'!$R:$S,2,FALSE),"?") -> - | J61: =IFERROR(VLOOKUP($A$43&"|"&$A61&"|"&$B61&"|"&J$2&"|"&J$3,'results'!$R:$S,2,FALSE),"?") -> - | K61: =IFERROR(VLOOKUP($A$43&"|"&$A61&"|"&$B61&"|"&K$2&"|"&K$3,'results'!$R:$S,2,FALSE),"?") -> -

Sheet step9
A1: A - private registry configuration | B1: B1 - package manager configuration | C1: B2 - version specifier | D1: C - pipeline operation type | E1: nodejs | F1: python | G1: java | H1: agreement | I1: result_alone | J1: valid_cell in this row | K1: count malicious_resolved in this row | L1: system-level | Q1: invalid cells are also counted, need to be filtered
A2: A1a | B2: B1a | C2: B2a | D2: C1a | E2: =VLOOKUP("npm_"&A2&"_"&B2&"_"&C2&"_"&D2,'results'!$A:$H,8,FALSE) -> private_resolved | F2: =VLOOKUP("pip_"&A2&"_"&B2&"_"&C2&"_"&D2,'results'!$A:$H,8,FALSE) -> private_resolved | G2: =VLOOKUP("mvn_"&A2&"_"&B2&"_"&C2&"_"&D2,'results'!$A:$H,8,FALSE) -> private_resolved | H2: =IF(COUNTIF(E2:G2,"<>invalid_configuration")<2,"not comparable",IF(MAX(COUNTIF(E2:G2,"malicious_resolved"),COUNTIF(E2:G2,"private_resolved"),COUNTIF(E2:G2,"resolution_error"))=COUNTIF(E2:G2,"<>invalid_configuration"),"agree","disagree")) -> agree | I2: =IF(H2="disagree",IF(AND(E2<>F2,E2<>G2),"npm alone has different result",IF(AND(F2<>E2,F2<>G2),"pip alone has different result",IF(AND(G2<>E2,G2<>F2),"maven alone has different result","mixed"))),"") | J2: =COUNTIF(E2:G2,"<>invalid_configuration") -> 3 | K2: =COUNTIF(E2:G2,"malicious_resolved") -> 0 | L2: =IF(J2=0,"all invalid cells",IF(K2=0,"0 compromised",IF(K2=J2,"all compromised","partly compromised"))) -> 0 compromised | M2: =COUNTIF(H2:H145,"agree") -> 96 | N2: agree | P2: =COUNTIF(I2:I145,"npm alone has different result") -> 28 | Q2: npm alone has different result (in 39 rows)
A3: A1a | B3: B1a | C3: B2a | D3: C1c | E3: =VLOOKUP("npm_"&A3&"_"&B3&"_"&C3&"_"&D3,'results'!$A:$H,8,FALSE) -> private_resolved | F3: =VLOOKUP("pip_"&A3&"_"&B3&"_"&C3&"_"&D3,'results'!$A:$H,8,FALSE) -> private_resolved | G3: =VLOOKUP("mvn_"&A3&"_"&B3&"_"&C3&"_"&D3,'results'!$A:$H,8,FALSE) -> private_resolved | H3: =IF(COUNTIF(E3:G3,"<>invalid_configuration")<2,"not comparable",IF(MAX(COUNTIF(E3:G3,"malicious_resolved"),COUNTIF(E3:G3,"private_resolved"),COUNTIF(E3:G3,"resolution_error"))=COUNTIF(E3:G3,"<>invalid_configuration"),"agree","disagree")) -> agree | I3: =IF(H3="disagree",IF(AND(E3<>F3,E3<>G3),"npm alone has different result",IF(AND(F3<>E3,F3<>G3),"pip alone has different result",IF(AND(G3<>E3,G3<>F3),"maven alone has different result","mixed"))),"") | J3: =COUNTIF(E3:G3,"<>invalid_configuration") -> 3 | K3: =COUNTIF(E3:G3,"malicious_resolved") -> 0 | L3: =IF(J3=0,"all invalid cells",IF(K3=0,"0 compromised",IF(K3=J3,"all compromised","partly compromised"))) -> 0 compromised | M3: =COUNTIF(H2:H145,"disagree") -> 39 | N3: disagree | P3: =COUNTIF(I2:I145,"pip alone has different result") -> 7 | Q3: pip alone has different result (in 39 rows)
A4: A1a | B4: B1a | C4: B2b | D4: C1a | E4: =VLOOKUP("npm_"&A4&"_"&B4&"_"&C4&"_"&D4,'results'!$A:$H,8,FALSE) -> malicious_resolved | F4: =VLOOKUP("pip_"&A4&"_"&B4&"_"&C4&"_"&D4,'results'!$A:$H,8,FALSE) -> malicious_resolved | G4: =VLOOKUP("mvn_"&A4&"_"&B4&"_"&C4&"_"&D4,'results'!$A:$H,8,FALSE) -> malicious_resolved | H4: =IF(COUNTIF(E4:G4,"<>invalid_configuration")<2,"not comparable",IF(MAX(COUNTIF(E4:G4,"malicious_resolved"),COUNTIF(E4:G4,"private_resolved"),COUNTIF(E4:G4,"resolution_error"))=COUNTIF(E4:G4,"<>invalid_configuration"),"agree","disagree")) -> agree | I4: =IF(H4="disagree",IF(AND(E4<>F4,E4<>G4),"npm alone has different result",IF(AND(F4<>E4,F4<>G4),"pip alone has different result",IF(AND(G4<>E4,G4<>F4),"maven alone has different result","mixed"))),"") | J4: =COUNTIF(E4:G4,"<>invalid_configuration") -> 3 | K4: =COUNTIF(E4:G4,"malicious_resolved") -> 3 | L4: =IF(J4=0,"all invalid cells",IF(K4=0,"0 compromised",IF(K4=J4,"all compromised","partly compromised"))) -> all compromised | M4: =COUNTIF(H2:H145,"not comparable") -> 9 | N4: not comparable | P4: =COUNTIF(I2:I145,"maven alone has different result") -> 4 | Q4: maven alone has different result (in 39 rows)
A5: A1a | B5: B1a | C5: B2b | D5: C1c | E5: =VLOOKUP("npm_"&A5&"_"&B5&"_"&C5&"_"&D5,'results'!$A:$H,8,FALSE) -> malicious_resolved | F5: =VLOOKUP("pip_"&A5&"_"&B5&"_"&C5&"_"&D5,'results'!$A:$H,8,FALSE) -> malicious_resolved | G5: =VLOOKUP("mvn_"&A5&"_"&B5&"_"&C5&"_"&D5,'results'!$A:$H,8,FALSE) -> malicious_resolved | H5: =IF(COUNTIF(E5:G5,"<>invalid_configuration")<2,"not comparable",IF(MAX(COUNTIF(E5:G5,"malicious_resolved"),COUNTIF(E5:G5,"private_resolved"),COUNTIF(E5:G5,"resolution_error"))=COUNTIF(E5:G5,"<>invalid_configuration"),"agree","disagree")) -> agree | I5: =IF(H5="disagree",IF(AND(E5<>F5,E5<>G5),"npm alone has different result",IF(AND(F5<>E5,F5<>G5),"pip alone has different result",IF(AND(G5<>E5,G5<>F5),"maven alone has different result","mixed"))),"") | J5: =COUNTIF(E5:G5,"<>invalid_configuration") -> 3 | K5: =COUNTIF(E5:G5,"malicious_resolved") -> 3 | L5: =IF(J5=0,"all invalid cells",IF(K5=0,"0 compromised",IF(K5=J5,"all compromised","partly compromised"))) -> all compromised
A6: A1a | B6: B1a | C6: B2c | D6: C1a | E6: =VLOOKUP("npm_"&A6&"_"&B6&"_"&C6&"_"&D6,'results'!$A:$H,8,FALSE) -> malicious_resolved | F6: =VLOOKUP("pip_"&A6&"_"&B6&"_"&C6&"_"&D6,'results'!$A:$H,8,FALSE) -> malicious_resolved | G6: =VLOOKUP("mvn_"&A6&"_"&B6&"_"&C6&"_"&D6,'results'!$A:$H,8,FALSE) -> invalid_configuration | H6: =IF(COUNTIF(E6:G6,"<>invalid_configuration")<2,"not comparable",IF(MAX(COUNTIF(E6:G6,"malicious_resolved"),COUNTIF(E6:G6,"private_resolved"),COUNTIF(E6:G6,"resolution_error"))=COUNTIF(E6:G6,"<>invalid_configuration"),"agree","disagree")) -> agree | I6: =IF(H6="disagree",IF(AND(E6<>F6,E6<>G6),"npm alone has different result",IF(AND(F6<>E6,F6<>G6),"pip alone has different result",IF(AND(G6<>E6,G6<>F6),"maven alone has different result","mixed"))),"") | J6: =COUNTIF(E6:G6,"<>invalid_configuration") -> 2 | K6: =COUNTIF(E6:G6,"malicious_resolved") -> 2 | L6: =IF(J6=0,"all invalid cells",IF(K6=0,"0 compromised",IF(K6=J6,"all compromised","partly compromised"))) -> all compromised
A7: A1a | B7: B1a | C7: B2c | D7: C1c | E7: =VLOOKUP("npm_"&A7&"_"&B7&"_"&C7&"_"&D7,'results'!$A:$H,8,FALSE) -> malicious_resolved | F7: =VLOOKUP("pip_"&A7&"_"&B7&"_"&C7&"_"&D7,'results'!$A:$H,8,FALSE) -> malicious_resolved | G7: =VLOOKUP("mvn_"&A7&"_"&B7&"_"&C7&"_"&D7,'results'!$A:$H,8,FALSE) -> invalid_configuration | H7: =IF(COUNTIF(E7:G7,"<>invalid_configuration")<2,"not comparable",IF(MAX(COUNTIF(E7:G7,"malicious_resolved"),COUNTIF(E7:G7,"private_resolved"),COUNTIF(E7:G7,"resolution_error"))=COUNTIF(E7:G7,"<>invalid_configuration"),"agree","disagree")) -> agree | I7: =IF(H7="disagree",IF(AND(E7<>F7,E7<>G7),"npm alone has different result",IF(AND(F7<>E7,F7<>G7),"pip alone has different result",IF(AND(G7<>E7,G7<>F7),"maven alone has different result","mixed"))),"") | J7: =COUNTIF(E7:G7,"<>invalid_configuration") -> 2 | K7: =COUNTIF(E7:G7,"malicious_resolved") -> 2 | L7: =IF(J7=0,"all invalid cells",IF(K7=0,"0 compromised",IF(K7=J7,"all compromised","partly compromised"))) -> all compromised | P7: group 1 | Q7: =COUNTIFS($H$2:$H$145,"disagree",$C$2:$C$145,"B2a",$E$2:$E$145,"resolution_error",$F$2:$F$145,"private_resolved") -> 21 | R7: npm property. Under B2a with B1b/B1c, npm alone has result resolution_error because its last-line-wins .npmrc makes it query only the public registry, where 1.0.0 does not exist, while pip and Maven can reach both registries and find 1.0.0 in Nexus repo
A8: A1a | B8: B1b | C8: B2a | D8: C1a | E8: =VLOOKUP("npm_"&A8&"_"&B8&"_"&C8&"_"&D8,'results'!$A:$H,8,FALSE) -> resolution_error | F8: =VLOOKUP("pip_"&A8&"_"&B8&"_"&C8&"_"&D8,'results'!$A:$H,8,FALSE) -> private_resolved | G8: =VLOOKUP("mvn_"&A8&"_"&B8&"_"&C8&"_"&D8,'results'!$A:$H,8,FALSE) -> private_resolved | H8: =IF(COUNTIF(E8:G8,"<>invalid_configuration")<2,"not comparable",IF(MAX(COUNTIF(E8:G8,"malicious_resolved"),COUNTIF(E8:G8,"private_resolved"),COUNTIF(E8:G8,"resolution_error"))=COUNTIF(E8:G8,"<>invalid_configuration"),"agree","disagree")) -> disagree | I8: =IF(H8="disagree",IF(AND(E8<>F8,E8<>G8),"npm alone has different result",IF(AND(F8<>E8,F8<>G8),"pip alone has different result",IF(AND(G8<>E8,G8<>F8),"maven alone has different result","mixed"))),"") -> npm alone has different result | J8: =COUNTIF(E8:G8,"<>invalid_configuration") -> 3 | K8: =COUNTIF(E8:G8,"malicious_resolved") -> 0 | L8: =IF(J8=0,"all invalid cells",IF(K8=0,"0 compromised",IF(K8=J8,"all compromised","partly compromised"))) -> 0 compromised | P8: group 2 | Q8: =COUNTIFS($H$2:$H$145,"disagree",$A$2:$A$145,"A3",$B$2:$B$145,"B1a",$D$2:$D$145,"<>C1b") -> 4 | R8: my "id=central design" decision. Under A3 × B1a (C1a/C1c), Maven can also see real Maven Central because the repository ID is not "central", so it resolves 1.0.0 (B2a) or 1.0.3 (B2b) while npm and pip cannot find the public dependencies and break.
A9: A1a | B9: B1b | C9: B2a | D9: C1c | E9: =VLOOKUP("npm_"&A9&"_"&B9&"_"&C9&"_"&D9,'results'!$A:$H,8,FALSE) -> resolution_error | F9: =VLOOKUP("pip_"&A9&"_"&B9&"_"&C9&"_"&D9,'results'!$A:$H,8,FALSE) -> private_resolved | G9: =VLOOKUP("mvn_"&A9&"_"&B9&"_"&C9&"_"&D9,'results'!$A:$H,8,FALSE) -> private_resolved | H9: =IF(COUNTIF(E9:G9,"<>invalid_configuration")<2,"not comparable",IF(MAX(COUNTIF(E9:G9,"malicious_resolved"),COUNTIF(E9:G9,"private_resolved"),COUNTIF(E9:G9,"resolution_error"))=COUNTIF(E9:G9,"<>invalid_configuration"),"agree","disagree")) -> disagree | I9: =IF(H9="disagree",IF(AND(E9<>F9,E9<>G9),"npm alone has different result",IF(AND(F9<>E9,F9<>G9),"pip alone has different result",IF(AND(G9<>E9,G9<>F9),"maven alone has different result","mixed"))),"") -> npm alone has different result | J9: =COUNTIF(E9:G9,"<>invalid_configuration") -> 3 | K9: =COUNTIF(E9:G9,"malicious_resolved") -> 0 | L9: =IF(J9=0,"all invalid cells",IF(K9=0,"0 compromised",IF(K9=J9,"all compromised","partly compromised"))) -> 0 compromised | P9: group 3 | Q9: =COUNTIFS($H$2:$H$145,"disagree",$B$2:$B$145,"B1d",$D$2:$D$145,"C1b") -> 8 | R9: (pip C1b phase 1). Under B1d × B2b/B2c × C1b, pip alone has result resolution_error because the setup phase cannot obtain 1.0.0 from PyPI, so the update phase later never ran; the same configuration is malicious_resolved under C1a and C1c.
A10: A1a | B10: B1b | C10: B2b | D10: C1a | E10: =VLOOKUP("npm_"&A10&"_"&B10&"_"&C10&"_"&D10,'results'!$A:$H,8,FALSE) -> malicious_resolved | F10: =VLOOKUP("pip_"&A10&"_"&B10&"_"&C10&"_"&D10,'results'!$A:$H,8,FALSE) -> malicious_resolved | G10: =VLOOKUP("mvn_"&A10&"_"&B10&"_"&C10&"_"&D10,'results'!$A:$H,8,FALSE) -> malicious_resolved | H10: =IF(COUNTIF(E10:G10,"<>invalid_configuration")<2,"not comparable",IF(MAX(COUNTIF(E10:G10,"malicious_resolved"),COUNTIF(E10:G10,"private_resolved"),COUNTIF(E10:G10,"resolution_error"))=COUNTIF(E10:G10,"<>invalid_configuration"),"agree","disagree")) -> agree | I10: =IF(H10="disagree",IF(AND(E10<>F10,E10<>G10),"npm alone has different result",IF(AND(F10<>E10,F10<>G10),"pip alone has different result",IF(AND(G10<>E10,G10<>F10),"maven alone has different result","mixed"))),"") | J10: =COUNTIF(E10:G10,"<>invalid_configuration") -> 3 | K10: =COUNTIF(E10:G10,"malicious_resolved") -> 3 | L10: =IF(J10=0,"all invalid cells",IF(K10=0,"0 compromised",IF(K10=J10,"all compromised","partly compromised"))) -> all compromised | P10: group 4 | Q10: =COUNTIFS($H$2:$H$145,"disagree",$B$2:$B$145,"B1a",$D$2:$D$145,"C1b") -> 6 | R10: C1b (package update) completes only for npm and Maven. Under A2/A3 × B1a × C1b, pip fails as it does in C1a/C1c (public dependencies unreachable), while npm completes because npm update re-resolves only the two named internal packages (npm property), in Maven cases, because the public dependencies come from the ~/.m2 cache filled in phase 1 . the A3 × B2b row additionally shows the group-2 "central leak" (malicious_resolved).
A11: A1a | B11: B1b | C11: B2b | D11: C1c | E11: =VLOOKUP("npm_"&A11&"_"&B11&"_"&C11&"_"&D11,'results'!$A:$H,8,FALSE) -> malicious_resolved | F11: =VLOOKUP("pip_"&A11&"_"&B11&"_"&C11&"_"&D11,'results'!$A:$H,8,FALSE) -> malicious_resolved | G11: =VLOOKUP("mvn_"&A11&"_"&B11&"_"&C11&"_"&D11,'results'!$A:$H,8,FALSE) -> malicious_resolved | H11: =IF(COUNTIF(E11:G11,"<>invalid_configuration")<2,"not comparable",IF(MAX(COUNTIF(E11:G11,"malicious_resolved"),COUNTIF(E11:G11,"private_resolved"),COUNTIF(E11:G11,"resolution_error"))=COUNTIF(E11:G11,"<>invalid_configuration"),"agree","disagree")) -> agree | I11: =IF(H11="disagree",IF(AND(E11<>F11,E11<>G11),"npm alone has different result",IF(AND(F11<>E11,F11<>G11),"pip alone has different result",IF(AND(G11<>E11,G11<>F11),"maven alone has different result","mixed"))),"") | J11: =COUNTIF(E11:G11,"<>invalid_configuration") -> 3 | K11: =COUNTIF(E11:G11,"malicious_resolved") -> 3 | L11: =IF(J11=0,"all invalid cells",IF(K11=0,"0 compromised",IF(K11=J11,"all compromised","partly compromised"))) -> all compromised
A12: A1a | B12: B1b | C12: B2c | D12: C1a | E12: =VLOOKUP("npm_"&A12&"_"&B12&"_"&C12&"_"&D12,'results'!$A:$H,8,FALSE) -> malicious_resolved | F12: =VLOOKUP("pip_"&A12&"_"&B12&"_"&C12&"_"&D12,'results'!$A:$H,8,FALSE) -> malicious_resolved | G12: =VLOOKUP("mvn_"&A12&"_"&B12&"_"&C12&"_"&D12,'results'!$A:$H,8,FALSE) -> invalid_configuration | H12: =IF(COUNTIF(E12:G12,"<>invalid_configuration")<2,"not comparable",IF(MAX(COUNTIF(E12:G12,"malicious_resolved"),COUNTIF(E12:G12,"private_resolved"),COUNTIF(E12:G12,"resolution_error"))=COUNTIF(E12:G12,"<>invalid_configuration"),"agree","disagree")) -> agree | I12: =IF(H12="disagree",IF(AND(E12<>F12,E12<>G12),"npm alone has different result",IF(AND(F12<>E12,F12<>G12),"pip alone has different result",IF(AND(G12<>E12,G12<>F12),"maven alone has different result","mixed"))),"") | J12: =COUNTIF(E12:G12,"<>invalid_configuration") -> 2 | K12: =COUNTIF(E12:G12,"malicious_resolved") -> 2 | L12: =IF(J12=0,"all invalid cells",IF(K12=0,"0 compromised",IF(K12=J12,"all compromised","partly compromised"))) -> all compromised
A13: A1a | B13: B1b | C13: B2c | D13: C1c | E13: =VLOOKUP("npm_"&A13&"_"&B13&"_"&C13&"_"&D13,'results'!$A:$H,8,FALSE) -> malicious_resolved | F13: =VLOOKUP("pip_"&A13&"_"&B13&"_"&C13&"_"&D13,'results'!$A:$H,8,FALSE) -> malicious_resolved | G13: =VLOOKUP("mvn_"&A13&"_"&B13&"_"&C13&"_"&D13,'results'!$A:$H,8,FALSE) -> invalid_configuration | H13: =IF(COUNTIF(E13:G13,"<>invalid_configuration")<2,"not comparable",IF(MAX(COUNTIF(E13:G13,"malicious_resolved"),COUNTIF(E13:G13,"private_resolved"),COUNTIF(E13:G13,"resolution_error"))=COUNTIF(E13:G13,"<>invalid_configuration"),"agree","disagree")) -> agree | I13: =IF(H13="disagree",IF(AND(E13<>F13,E13<>G13),"npm alone has different result",IF(AND(F13<>E13,F13<>G13),"pip alone has different result",IF(AND(G13<>E13,G13<>F13),"maven alone has different result","mixed"))),"") | J13: =COUNTIF(E13:G13,"<>invalid_configuration") -> 2 | K13: =COUNTIF(E13:G13,"malicious_resolved") -> 2 | L13: =IF(J13=0,"all invalid cells",IF(K13=0,"0 compromised",IF(K13=J13,"all compromised","partly compromised"))) -> all compromised | P13: counting system result analysis
A14: A1a | B14: B1c | C14: B2a | D14: C1a | E14: =VLOOKUP("npm_"&A14&"_"&B14&"_"&C14&"_"&D14,'results'!$A:$H,8,FALSE) -> resolution_error | F14: =VLOOKUP("pip_"&A14&"_"&B14&"_"&C14&"_"&D14,'results'!$A:$H,8,FALSE) -> private_resolved | G14: =VLOOKUP("mvn_"&A14&"_"&B14&"_"&C14&"_"&D14,'results'!$A:$H,8,FALSE) -> private_resolved | H14: =IF(COUNTIF(E14:G14,"<>invalid_configuration")<2,"not comparable",IF(MAX(COUNTIF(E14:G14,"malicious_resolved"),COUNTIF(E14:G14,"private_resolved"),COUNTIF(E14:G14,"resolution_error"))=COUNTIF(E14:G14,"<>invalid_configuration"),"agree","disagree")) -> disagree | I14: =IF(H14="disagree",IF(AND(E14<>F14,E14<>G14),"npm alone has different result",IF(AND(F14<>E14,F14<>G14),"pip alone has different result",IF(AND(G14<>E14,G14<>F14),"maven alone has different result","mixed"))),"") -> npm alone has different result | J14: =COUNTIF(E14:G14,"<>invalid_configuration") -> 3 | K14: =COUNTIF(E14:G14,"malicious_resolved") -> 0 | L14: =IF(J14=0,"all invalid cells",IF(K14=0,"0 compromised",IF(K14=J14,"all compromised","partly compromised"))) -> 0 compromised | P14: =COUNTIF(L2:L145,"0 compromised") -> 54 | Q14: 0 compromised
A15: A1a | B15: B1c | C15: B2a | D15: C1c | E15: =VLOOKUP("npm_"&A15&"_"&B15&"_"&C15&"_"&D15,'results'!$A:$H,8,FALSE) -> resolution_error | F15: =VLOOKUP("pip_"&A15&"_"&B15&"_"&C15&"_"&D15,'results'!$A:$H,8,FALSE) -> private_resolved | G15: =VLOOKUP("mvn_"&A15&"_"&B15&"_"&C15&"_"&D15,'results'!$A:$H,8,FALSE) -> private_resolved | H15: =IF(COUNTIF(E15:G15,"<>invalid_configuration")<2,"not comparable",IF(MAX(COUNTIF(E15:G15,"malicious_resolved"),COUNTIF(E15:G15,"private_resolved"),COUNTIF(E15:G15,"resolution_error"))=COUNTIF(E15:G15,"<>invalid_configuration"),"agree","disagree")) -> disagree | I15: =IF(H15="disagree",IF(AND(E15<>F15,E15<>G15),"npm alone has different result",IF(AND(F15<>E15,F15<>G15),"pip alone has different result",IF(AND(G15<>E15,G15<>F15),"maven alone has different result","mixed"))),"") -> npm alone has different result | J15: =COUNTIF(E15:G15,"<>invalid_configuration") -> 3 | K15: =COUNTIF(E15:G15,"malicious_resolved") -> 0 | L15: =IF(J15=0,"all invalid cells",IF(K15=0,"0 compromised",IF(K15=J15,"all compromised","partly compromised"))) -> 0 compromised | P15: =COUNTIF(L2:L145,"partly compromised") -> 11 | Q15: partly compromised
A16: A1a | B16: B1c | C16: B2b | D16: C1a | E16: =VLOOKUP("npm_"&A16&"_"&B16&"_"&C16&"_"&D16,'results'!$A:$H,8,FALSE) -> malicious_resolved | F16: =VLOOKUP("pip_"&A16&"_"&B16&"_"&C16&"_"&D16,'results'!$A:$H,8,FALSE) -> malicious_resolved | G16: =VLOOKUP("mvn_"&A16&"_"&B16&"_"&C16&"_"&D16,'results'!$A:$H,8,FALSE) -> malicious_resolved | H16: =IF(COUNTIF(E16:G16,"<>invalid_configuration")<2,"not comparable",IF(MAX(COUNTIF(E16:G16,"malicious_resolved"),COUNTIF(E16:G16,"private_resolved"),COUNTIF(E16:G16,"resolution_error"))=COUNTIF(E16:G16,"<>invalid_configuration"),"agree","disagree")) -> agree | I16: =IF(H16="disagree",IF(AND(E16<>F16,E16<>G16),"npm alone has different result",IF(AND(F16<>E16,F16<>G16),"pip alone has different result",IF(AND(G16<>E16,G16<>F16),"maven alone has different result","mixed"))),"") | J16: =COUNTIF(E16:G16,"<>invalid_configuration") -> 3 | K16: =COUNTIF(E16:G16,"malicious_resolved") -> 3 | L16: =IF(J16=0,"all invalid cells",IF(K16=0,"0 compromised",IF(K16=J16,"all compromised","partly compromised"))) -> all compromised | P16: =COUNTIF(L2:L145,"all compromised") -> 70 | Q16: all compromised
A17: A1a | B17: B1c | C17: B2b | D17: C1c | E17: =VLOOKUP("npm_"&A17&"_"&B17&"_"&C17&"_"&D17,'results'!$A:$H,8,FALSE) -> malicious_resolved | F17: =VLOOKUP("pip_"&A17&"_"&B17&"_"&C17&"_"&D17,'results'!$A:$H,8,FALSE) -> malicious_resolved | G17: =VLOOKUP("mvn_"&A17&"_"&B17&"_"&C17&"_"&D17,'results'!$A:$H,8,FALSE) -> malicious_resolved | H17: =IF(COUNTIF(E17:G17,"<>invalid_configuration")<2,"not comparable",IF(MAX(COUNTIF(E17:G17,"malicious_resolved"),COUNTIF(E17:G17,"private_resolved"),COUNTIF(E17:G17,"resolution_error"))=COUNTIF(E17:G17,"<>invalid_configuration"),"agree","disagree")) -> agree | I17: =IF(H17="disagree",IF(AND(E17<>F17,E17<>G17),"npm alone has different result",IF(AND(F17<>E17,F17<>G17),"pip alone has different result",IF(AND(G17<>E17,G17<>F17),"maven alone has different result","mixed"))),"") | J17: =COUNTIF(E17:G17,"<>invalid_configuration") -> 3 | K17: =COUNTIF(E17:G17,"malicious_resolved") -> 3 | L17: =IF(J17=0,"all invalid cells",IF(K17=0,"0 compromised",IF(K17=J17,"all compromised","partly compromised"))) -> all compromised | P17: =COUNTIF(L2:L145,"all invalid cells") -> 9 | Q17: all invalid cells
A18: A1a | B18: B1c | C18: B2c | D18: C1a | E18: =VLOOKUP("npm_"&A18&"_"&B18&"_"&C18&"_"&D18,'results'!$A:$H,8,FALSE) -> malicious_resolved | F18: =VLOOKUP("pip_"&A18&"_"&B18&"_"&C18&"_"&D18,'results'!$A:$H,8,FALSE) -> malicious_resolved | G18: =VLOOKUP("mvn_"&A18&"_"&B18&"_"&C18&"_"&D18,'results'!$A:$H,8,FALSE) -> invalid_configuration | H18: =IF(COUNTIF(E18:G18,"<>invalid_configuration")<2,"not comparable",IF(MAX(COUNTIF(E18:G18,"malicious_resolved"),COUNTIF(E18:G18,"private_resolved"),COUNTIF(E18:G18,"resolution_error"))=COUNTIF(E18:G18,"<>invalid_configuration"),"agree","disagree")) -> agree | I18: =IF(H18="disagree",IF(AND(E18<>F18,E18<>G18),"npm alone has different result",IF(AND(F18<>E18,F18<>G18),"pip alone has different result",IF(AND(G18<>E18,G18<>F18),"maven alone has different result","mixed"))),"") | J18: =COUNTIF(E18:G18,"<>invalid_configuration") -> 2 | K18: =COUNTIF(E18:G18,"malicious_resolved") -> 2 | L18: =IF(J18=0,"all invalid cells",IF(K18=0,"0 compromised",IF(K18=J18,"all compromised","partly compromised"))) -> all compromised | P18: =COUNTIFS(L2:L145,"all compromised",J2:J145,3) -> 35 | Q18: one configuration make all three service compromised (count only when J = 3)
A19: A1a | B19: B1c | C19: B2c | D19: C1c | E19: =VLOOKUP("npm_"&A19&"_"&B19&"_"&C19&"_"&D19,'results'!$A:$H,8,FALSE) -> malicious_resolved | F19: =VLOOKUP("pip_"&A19&"_"&B19&"_"&C19&"_"&D19,'results'!$A:$H,8,FALSE) -> malicious_resolved | G19: =VLOOKUP("mvn_"&A19&"_"&B19&"_"&C19&"_"&D19,'results'!$A:$H,8,FALSE) -> invalid_configuration | H19: =IF(COUNTIF(E19:G19,"<>invalid_configuration")<2,"not comparable",IF(MAX(COUNTIF(E19:G19,"malicious_resolved"),COUNTIF(E19:G19,"private_resolved"),COUNTIF(E19:G19,"resolution_error"))=COUNTIF(E19:G19,"<>invalid_configuration"),"agree","disagree")) -> agree | I19: =IF(H19="disagree",IF(AND(E19<>F19,E19<>G19),"npm alone has different result",IF(AND(F19<>E19,F19<>G19),"pip alone has different result",IF(AND(G19<>E19,G19<>F19),"maven alone has different result","mixed"))),"") | J19: =COUNTIF(E19:G19,"<>invalid_configuration") -> 2 | K19: =COUNTIF(E19:G19,"malicious_resolved") -> 2 | L19: =IF(J19=0,"all invalid cells",IF(K19=0,"0 compromised",IF(K19=J19,"all compromised","partly compromised"))) -> all compromised
A20: A1a | B20: B1d | C20: B2a | D20: C1a | E20: =VLOOKUP("npm_"&A20&"_"&B20&"_"&C20&"_"&D20,'results'!$A:$H,8,FALSE) -> resolution_error | F20: =VLOOKUP("pip_"&A20&"_"&B20&"_"&C20&"_"&D20,'results'!$A:$H,8,FALSE) -> resolution_error | G20: =VLOOKUP("mvn_"&A20&"_"&B20&"_"&C20&"_"&D20,'results'!$A:$H,8,FALSE) -> resolution_error | H20: =IF(COUNTIF(E20:G20,"<>invalid_configuration")<2,"not comparable",IF(MAX(COUNTIF(E20:G20,"malicious_resolved"),COUNTIF(E20:G20,"private_resolved"),COUNTIF(E20:G20,"resolution_error"))=COUNTIF(E20:G20,"<>invalid_configuration"),"agree","disagree")) -> agree | I20: =IF(H20="disagree",IF(AND(E20<>F20,E20<>G20),"npm alone has different result",IF(AND(F20<>E20,F20<>G20),"pip alone has different result",IF(AND(G20<>E20,G20<>F20),"maven alone has different result","mixed"))),"") | J20: =COUNTIF(E20:G20,"<>invalid_configuration") -> 3 | K20: =COUNTIF(E20:G20,"malicious_resolved") -> 0 | L20: =IF(J20=0,"all invalid cells",IF(K20=0,"0 compromised",IF(K20=J20,"all compromised","partly compromised"))) -> 0 compromised
A21: A1a | B21: B1d | C21: B2a | D21: C1c | E21: =VLOOKUP("npm_"&A21&"_"&B21&"_"&C21&"_"&D21,'results'!$A:$H,8,FALSE) -> resolution_error | F21: =VLOOKUP("pip_"&A21&"_"&B21&"_"&C21&"_"&D21,'results'!$A:$H,8,FALSE) -> resolution_error | G21: =VLOOKUP("mvn_"&A21&"_"&B21&"_"&C21&"_"&D21,'results'!$A:$H,8,FALSE) -> resolution_error | H21: =IF(COUNTIF(E21:G21,"<>invalid_configuration")<2,"not comparable",IF(MAX(COUNTIF(E21:G21,"malicious_resolved"),COUNTIF(E21:G21,"private_resolved"),COUNTIF(E21:G21,"resolution_error"))=COUNTIF(E21:G21,"<>invalid_configuration"),"agree","disagree")) -> agree | I21: =IF(H21="disagree",IF(AND(E21<>F21,E21<>G21),"npm alone has different result",IF(AND(F21<>E21,F21<>G21),"pip alone has different result",IF(AND(G21<>E21,G21<>F21),"maven alone has different result","mixed"))),"") | J21: =COUNTIF(E21:G21,"<>invalid_configuration") -> 3 | K21: =COUNTIF(E21:G21,"malicious_resolved") -> 0 | L21: =IF(J21=0,"all invalid cells",IF(K21=0,"0 compromised",IF(K21=J21,"all compromised","partly compromised"))) -> 0 compromised
A22: A1a | B22: B1d | C22: B2b | D22: C1a | E22: =VLOOKUP("npm_"&A22&"_"&B22&"_"&C22&"_"&D22,'results'!$A:$H,8,FALSE) -> malicious_resolved | F22: =VLOOKUP("pip_"&A22&"_"&B22&"_"&C22&"_"&D22,'results'!$A:$H,8,FALSE) -> malicious_resolved | G22: =VLOOKUP("mvn_"&A22&"_"&B22&"_"&C22&"_"&D22,'results'!$A:$H,8,FALSE) -> malicious_resolved | H22: =IF(COUNTIF(E22:G22,"<>invalid_configuration")<2,"not comparable",IF(MAX(COUNTIF(E22:G22,"malicious_resolved"),COUNTIF(E22:G22,"private_resolved"),COUNTIF(E22:G22,"resolution_error"))=COUNTIF(E22:G22,"<>invalid_configuration"),"agree","disagree")) -> agree | I22: =IF(H22="disagree",IF(AND(E22<>F22,E22<>G22),"npm alone has different result",IF(AND(F22<>E22,F22<>G22),"pip alone has different result",IF(AND(G22<>E22,G22<>F22),"maven alone has different result","mixed"))),"") | J22: =COUNTIF(E22:G22,"<>invalid_configuration") -> 3 | K22: =COUNTIF(E22:G22,"malicious_resolved") -> 3 | L22: =IF(J22=0,"all invalid cells",IF(K22=0,"0 compromised",IF(K22=J22,"all compromised","partly compromised"))) -> all compromised
A23: A1a | B23: B1d | C23: B2b | D23: C1c | E23: =VLOOKUP("npm_"&A23&"_"&B23&"_"&C23&"_"&D23,'results'!$A:$H,8,FALSE) -> malicious_resolved | F23: =VLOOKUP("pip_"&A23&"_"&B23&"_"&C23&"_"&D23,'results'!$A:$H,8,FALSE) -> malicious_resolved | G23: =VLOOKUP("mvn_"&A23&"_"&B23&"_"&C23&"_"&D23,'results'!$A:$H,8,FALSE) -> malicious_resolved | H23: =IF(COUNTIF(E23:G23,"<>invalid_configuration")<2,"not comparable",IF(MAX(COUNTIF(E23:G23,"malicious_resolved"),COUNTIF(E23:G23,"private_resolved"),COUNTIF(E23:G23,"resolution_error"))=COUNTIF(E23:G23,"<>invalid_configuration"),"agree","disagree")) -> agree | I23: =IF(H23="disagree",IF(AND(E23<>F23,E23<>G23),"npm alone has different result",IF(AND(F23<>E23,F23<>G23),"pip alone has different result",IF(AND(G23<>E23,G23<>F23),"maven alone has different result","mixed"))),"") | J23: =COUNTIF(E23:G23,"<>invalid_configuration") -> 3 | K23: =COUNTIF(E23:G23,"malicious_resolved") -> 3 | L23: =IF(J23=0,"all invalid cells",IF(K23=0,"0 compromised",IF(K23=J23,"all compromised","partly compromised"))) -> all compromised
A24: A1a | B24: B1d | C24: B2c | D24: C1a | E24: =VLOOKUP("npm_"&A24&"_"&B24&"_"&C24&"_"&D24,'results'!$A:$H,8,FALSE) -> malicious_resolved | F24: =VLOOKUP("pip_"&A24&"_"&B24&"_"&C24&"_"&D24,'results'!$A:$H,8,FALSE) -> malicious_resolved | G24: =VLOOKUP("mvn_"&A24&"_"&B24&"_"&C24&"_"&D24,'results'!$A:$H,8,FALSE) -> invalid_configuration | H24: =IF(COUNTIF(E24:G24,"<>invalid_configuration")<2,"not comparable",IF(MAX(COUNTIF(E24:G24,"malicious_resolved"),COUNTIF(E24:G24,"private_resolved"),COUNTIF(E24:G24,"resolution_error"))=COUNTIF(E24:G24,"<>invalid_configuration"),"agree","disagree")) -> agree | I24: =IF(H24="disagree",IF(AND(E24<>F24,E24<>G24),"npm alone has different result",IF(AND(F24<>E24,F24<>G24),"pip alone has different result",IF(AND(G24<>E24,G24<>F24),"maven alone has different result","mixed"))),"") | J24: =COUNTIF(E24:G24,"<>invalid_configuration") -> 2 | K24: =COUNTIF(E24:G24,"malicious_resolved") -> 2 | L24: =IF(J24=0,"all invalid cells",IF(K24=0,"0 compromised",IF(K24=J24,"all compromised","partly compromised"))) -> all compromised
A25: A1a | B25: B1d | C25: B2c | D25: C1c | E25: =VLOOKUP("npm_"&A25&"_"&B25&"_"&C25&"_"&D25,'results'!$A:$H,8,FALSE) -> malicious_resolved | F25: =VLOOKUP("pip_"&A25&"_"&B25&"_"&C25&"_"&D25,'results'!$A:$H,8,FALSE) -> malicious_resolved | G25: =VLOOKUP("mvn_"&A25&"_"&B25&"_"&C25&"_"&D25,'results'!$A:$H,8,FALSE) -> invalid_configuration | H25: =IF(COUNTIF(E25:G25,"<>invalid_configuration")<2,"not comparable",IF(MAX(COUNTIF(E25:G25,"malicious_resolved"),COUNTIF(E25:G25,"private_resolved"),COUNTIF(E25:G25,"resolution_error"))=COUNTIF(E25:G25,"<>invalid_configuration"),"agree","disagree")) -> agree | I25: =IF(H25="disagree",IF(AND(E25<>F25,E25<>G25),"npm alone has different result",IF(AND(F25<>E25,F25<>G25),"pip alone has different result",IF(AND(G25<>E25,G25<>F25),"maven alone has different result","mixed"))),"") | J25: =COUNTIF(E25:G25,"<>invalid_configuration") -> 2 | K25: =COUNTIF(E25:G25,"malicious_resolved") -> 2 | L25: =IF(J25=0,"all invalid cells",IF(K25=0,"0 compromised",IF(K25=J25,"all compromised","partly compromised"))) -> all compromised
A26: A1b | B26: B1a | C26: B2a | D26: C1a | E26: =VLOOKUP("npm_"&A26&"_"&B26&"_"&C26&"_"&D26,'results'!$A:$H,8,FALSE) -> private_resolved | F26: =VLOOKUP("pip_"&A26&"_"&B26&"_"&C26&"_"&D26,'results'!$A:$H,8,FALSE) -> private_resolved | G26: =VLOOKUP("mvn_"&A26&"_"&B26&"_"&C26&"_"&D26,'results'!$A:$H,8,FALSE) -> private_resolved | H26: =IF(COUNTIF(E26:G26,"<>invalid_configuration")<2,"not comparable",IF(MAX(COUNTIF(E26:G26,"malicious_resolved"),COUNTIF(E26:G26,"private_resolved"),COUNTIF(E26:G26,"resolution_error"))=COUNTIF(E26:G26,"<>invalid_configuration"),"agree","disagree")) -> agree | I26: =IF(H26="disagree",IF(AND(E26<>F26,E26<>G26),"npm alone has different result",IF(AND(F26<>E26,F26<>G26),"pip alone has different result",IF(AND(G26<>E26,G26<>F26),"maven alone has different result","mixed"))),"") | J26: =COUNTIF(E26:G26,"<>invalid_configuration") -> 3 | K26: =COUNTIF(E26:G26,"malicious_resolved") -> 0 | L26: =IF(J26=0,"all invalid cells",IF(K26=0,"0 compromised",IF(K26=J26,"all compromised","partly compromised"))) -> 0 compromised
A27: A1b | B27: B1a | C27: B2a | D27: C1c | E27: =VLOOKUP("npm_"&A27&"_"&B27&"_"&C27&"_"&D27,'results'!$A:$H,8,FALSE) -> private_resolved | F27: =VLOOKUP("pip_"&A27&"_"&B27&"_"&C27&"_"&D27,'results'!$A:$H,8,FALSE) -> private_resolved | G27: =VLOOKUP("mvn_"&A27&"_"&B27&"_"&C27&"_"&D27,'results'!$A:$H,8,FALSE) -> private_resolved | H27: =IF(COUNTIF(E27:G27,"<>invalid_configuration")<2,"not comparable",IF(MAX(COUNTIF(E27:G27,"malicious_resolved"),COUNTIF(E27:G27,"private_resolved"),COUNTIF(E27:G27,"resolution_error"))=COUNTIF(E27:G27,"<>invalid_configuration"),"agree","disagree")) -> agree | I27: =IF(H27="disagree",IF(AND(E27<>F27,E27<>G27),"npm alone has different result",IF(AND(F27<>E27,F27<>G27),"pip alone has different result",IF(AND(G27<>E27,G27<>F27),"maven alone has different result","mixed"))),"") | J27: =COUNTIF(E27:G27,"<>invalid_configuration") -> 3 | K27: =COUNTIF(E27:G27,"malicious_resolved") -> 0 | L27: =IF(J27=0,"all invalid cells",IF(K27=0,"0 compromised",IF(K27=J27,"all compromised","partly compromised"))) -> 0 compromised
A28: A1b | B28: B1a | C28: B2b | D28: C1a | E28: =VLOOKUP("npm_"&A28&"_"&B28&"_"&C28&"_"&D28,'results'!$A:$H,8,FALSE) -> malicious_resolved | F28: =VLOOKUP("pip_"&A28&"_"&B28&"_"&C28&"_"&D28,'results'!$A:$H,8,FALSE) -> malicious_resolved | G28: =VLOOKUP("mvn_"&A28&"_"&B28&"_"&C28&"_"&D28,'results'!$A:$H,8,FALSE) -> malicious_resolved | H28: =IF(COUNTIF(E28:G28,"<>invalid_configuration")<2,"not comparable",IF(MAX(COUNTIF(E28:G28,"malicious_resolved"),COUNTIF(E28:G28,"private_resolved"),COUNTIF(E28:G28,"resolution_error"))=COUNTIF(E28:G28,"<>invalid_configuration"),"agree","disagree")) -> agree | I28: =IF(H28="disagree",IF(AND(E28<>F28,E28<>G28),"npm alone has different result",IF(AND(F28<>E28,F28<>G28),"pip alone has different result",IF(AND(G28<>E28,G28<>F28),"maven alone has different result","mixed"))),"") | J28: =COUNTIF(E28:G28,"<>invalid_configuration") -> 3 | K28: =COUNTIF(E28:G28,"malicious_resolved") -> 3 | L28: =IF(J28=0,"all invalid cells",IF(K28=0,"0 compromised",IF(K28=J28,"all compromised","partly compromised"))) -> all compromised
A29: A1b | B29: B1a | C29: B2b | D29: C1c | E29: =VLOOKUP("npm_"&A29&"_"&B29&"_"&C29&"_"&D29,'results'!$A:$H,8,FALSE) -> malicious_resolved | F29: =VLOOKUP("pip_"&A29&"_"&B29&"_"&C29&"_"&D29,'results'!$A:$H,8,FALSE) -> malicious_resolved | G29: =VLOOKUP("mvn_"&A29&"_"&B29&"_"&C29&"_"&D29,'results'!$A:$H,8,FALSE) -> malicious_resolved | H29: =IF(COUNTIF(E29:G29,"<>invalid_configuration")<2,"not comparable",IF(MAX(COUNTIF(E29:G29,"malicious_resolved"),COUNTIF(E29:G29,"private_resolved"),COUNTIF(E29:G29,"resolution_error"))=COUNTIF(E29:G29,"<>invalid_configuration"),"agree","disagree")) -> agree | I29: =IF(H29="disagree",IF(AND(E29<>F29,E29<>G29),"npm alone has different result",IF(AND(F29<>E29,F29<>G29),"pip alone has different result",IF(AND(G29<>E29,G29<>F29),"maven alone has different result","mixed"))),"") | J29: =COUNTIF(E29:G29,"<>invalid_configuration") -> 3 | K29: =COUNTIF(E29:G29,"malicious_resolved") -> 3 | L29: =IF(J29=0,"all invalid cells",IF(K29=0,"0 compromised",IF(K29=J29,"all compromised","partly compromised"))) -> all compromised
A30: A1b | B30: B1a | C30: B2c | D30: C1a | E30: =VLOOKUP("npm_"&A30&"_"&B30&"_"&C30&"_"&D30,'results'!$A:$H,8,FALSE) -> malicious_resolved | F30: =VLOOKUP("pip_"&A30&"_"&B30&"_"&C30&"_"&D30,'results'!$A:$H,8,FALSE) -> malicious_resolved | G30: =VLOOKUP("mvn_"&A30&"_"&B30&"_"&C30&"_"&D30,'results'!$A:$H,8,FALSE) -> invalid_configuration | H30: =IF(COUNTIF(E30:G30,"<>invalid_configuration")<2,"not comparable",IF(MAX(COUNTIF(E30:G30,"malicious_resolved"),COUNTIF(E30:G30,"private_resolved"),COUNTIF(E30:G30,"resolution_error"))=COUNTIF(E30:G30,"<>invalid_configuration"),"agree","disagree")) -> agree | I30: =IF(H30="disagree",IF(AND(E30<>F30,E30<>G30),"npm alone has different result",IF(AND(F30<>E30,F30<>G30),"pip alone has different result",IF(AND(G30<>E30,G30<>F30),"maven alone has different result","mixed"))),"") | J30: =COUNTIF(E30:G30,"<>invalid_configuration") -> 2 | K30: =COUNTIF(E30:G30,"malicious_resolved") -> 2 | L30: =IF(J30=0,"all invalid cells",IF(K30=0,"0 compromised",IF(K30=J30,"all compromised","partly compromised"))) -> all compromised
... A145: A3 | B145: B1c | C145: B2c | D145: C1c | E145: =VLOOKUP("npm_"&A145&"_"&B145&"_"&C145&"_"&D145,'results'!$A:$H,8,FALSE) -> invalid_configuration | F145: =VLOOKUP("pip_"&A145&"_"&B145&"_"&C145&"_"&D145,'results'!$A:$H,8,FALSE) -> invalid_configuration | G145: =VLOOKUP("mvn_"&A145&"_"&B145&"_"&C145&"_"&D145,'results'!$A:$H,8,FALSE) -> invalid_configuration | H145: =IF(COUNTIF(E145:G145,"<>invalid_configuration")<2,"not comparable",IF(MAX(COUNTIF(E145:G145,"malicious_resolved"),COUNTIF(E145:G145,"private_resolved"),COUNTIF(E145:G145,"resolution_error"))=COUNTIF(E145:G145,"<>invalid_configuration"),"agree","disagree")) -> not comparable | I145: =IF(H145="disagree",IF(AND(E145<>F145,E145<>G145),"npm alone has different result",IF(AND(F145<>E145,F145<>G145),"pip alone has different result",IF(AND(G145<>E145,G145<>F145),"maven alone has different result","mixed"))),"") | J145: =COUNTIF(E145:G145,"<>invalid_configuration") -> 0 | K145: =COUNTIF(E145:G145,"malicious_resolved") -> 0 | L145: =IF(J145=0,"all invalid cells",IF(K145=0,"0 compromised",IF(K145=J145,"all compromised","partly compromised"))) -> all invalid cells

Sheet Tabelle1
A1: in result sheet
A2: Column T C1a ≡ C1c | B2: take every pair of cells that are identical in every variable and differ only in C1a vs C1c: all 144 such pairs have the same result. a fresh install and a rebuild from the existing lockfile never differ. the only operation type that ever behaves differently is C1b (and every C1b difference was traced to phase 1
A3: Column U npm B1b ≡ B1d | B3: for npm, configuring two registries (B1b, B1c) gives the same result as the default (B1d) in every A (a design choice), B2, C1: the pointwise proof of the last-key-wins finding. (Same result, but not the same delivery path, B1c goes through the Nexus proxy.)
A4: Column V: npm B1c ≡ B1b | B4: for npm, configuring two registries (B1b, B1c) gives the same result as the default (B1d) in every A (a design choice), B2, C1: the pointwise proof of the last-key-wins finding. (Same result, but not the same delivery path, B1c goes through the Nexus proxy.)
A5: Column W: A1a ≡ A1b | B5: already checked
